wage,lwage,belavg,abvavg,exper,looks,union,goodhlth,black,female,married,south,bigcity,smllcity,service,expersq,educ
5.730000019073486,1.745715498924255,0,1,30,4,0,1,0,1,1,0,0,1,1,900,14
4.28000020980835,1.45395302772522,0,0,28,3,0,1,0,1,1,1,0,1,0,784,12
7.960000038146973,2.074429035186768,0,1,35,4,0,1,0,1,0,0,0,1,0,1225,10
11.56999969482422,2.448415517807007,0,0,38,3,0,1,0,0,1,0,1,0,1,1444,16
11.42000007629395,2.435366153717041,0,0,27,3,0,1,0,0,1,0,0,1,0,729,16
3.910000085830689,1.363537430763245,0,0,20,3,0,0,0,1,1,0,1,0,0,400,12
8.760000228881836,2.170195817947388,0,0,12,3,0,1,0,0,1,0,1,0,0,144,16
7.690000057220459,2.039920806884766,0,1,5,4,1,1,0,0,0,0,0,1,0,25,16
5,1.609437942504883,0,0,5,3,0,1,0,1,0,0,0,0,0,25,16
3.890000104904175,1.35840916633606,0,0,12,3,0,1,0,1,0,0,0,1,0,144,12
3.450000047683716,1.23837423324585,0,1,3,4,0,1,0,1,0,0,1,0,0,9,12
4.03000020980835,1.393766403198242,0,1,6,4,0,1,0,0,1,0,0,1,0,36,16
5.139999866485596,1.6370530128479,1,0,19,2,0,1,0,0,1,0,0,1,1,361,17
3,1.098612308502197,0,0,8,3,0,1,0,0,0,0,0,1,1,64,16
7.989999771118164,2.078190803527832,0,1,12,4,0,1,0,0,1,0,0,0,0,144,16
6.010000228881836,1.793424844741821,0,1,17,4,0,1,0,0,1,0,0,1,0,289,16
5.159999847412109,1.640936493873596,0,0,7,3,0,1,0,0,1,0,0,0,0,49,17
11.53999996185303,2.445819139480591,0,1,12,4,0,1,0,0,1,1,0,1,1,144,17
10.4399995803833,2.345644474029541,0,1,10,4,0,1,0,1,0,0,1,0,0,100,17
7.690000057220459,2.039920806884766,0,0,7,3,0,1,0,1,1,0,0,0,1,49,16
7.690000057220459,2.039920806884766,0,1,7,4,1,1,0,0,0,0,0,1,0,49,17
6.789999961853027,1.915450930595398,0,0,19,3,0,1,0,0,1,0,0,1,1,361,14
6.869999885559082,1.927164077758789,0,0,33,3,0,1,0,0,1,0,1,0,1,1089,12
17.03000068664551,2.834976434707642,0,0,32,3,0,1,0,0,1,0,1,0,0,1024,13
10.05000019073486,2.307572603225708,0,1,12,4,0,1,0,0,1,0,1,0,0,144,13
15.8100004196167,2.760642766952515,0,1,24,4,0,1,0,0,1,1,0,1,1,576,17
14.84000015258789,2.697326183319092,0,1,29,5,0,1,0,0,0,1,1,0,1,841,13
19.07999992370606,2.948640584945679,0,1,17,5,0,1,0,0,0,0,1,0,0,289,17
8.350000381469727,2.12226152420044,1,0,41,1,0,0,0,0,1,1,1,0,1,1681,16
9.619999885559082,2.26384425163269,0,0,40,3,0,0,0,0,1,0,0,1,0,1600,16
5.960000038146973,1.785070538520813,0,0,10,3,0,1,0,0,1,0,0,1,0,100,14
5.730000019073486,1.745715498924255,0,0,43,3,0,0,0,0,1,0,0,1,0,1849,10
6.730000019073486,1.906575202941895,0,1,41,4,0,1,0,0,1,0,0,1,0,1681,10
8.170000076293945,2.100468873977661,1,0,18,2,0,1,0,0,1,0,0,1,0,324,16
12.39000034332275,2.516889810562134,0,1,28,4,0,1,0,0,1,0,1,0,0,784,12
9.619999885559082,2.26384425163269,1,0,37,2,0,1,0,0,1,0,1,0,0,1369,13
4.829999923706055,1.574846506118774,0,1,20,4,0,1,1,0,1,0,0,1,0,400,16
7.690000057220459,2.039920806884766,1,0,10,2,1,1,0,0,1,0,0,1,0,100,13
12.5,2.525728702545166,0,0,31,3,0,1,0,0,1,1,0,1,0,961,16
2.819999933242798,1.036736845970154,0,0,18,3,0,1,0,0,1,0,0,0,1,324,12
12.3100004196167,2.510411977767944,0,0,9,3,1,1,0,0,0,0,1,0,0,81,17
13.22000026702881,2.581730842590332,0,0,42,3,0,1,0,0,1,0,1,0,0,1764,16
16.82999992370606,2.823163032531738,0,1,14,4,0,1,0,0,1,1,1,0,0,196,16
11.53999996185303,2.445819139480591,0,0,27,3,0,1,0,0,1,0,1,0,0,729,16
4.949999809265137,1.599387526512146,0,0,20,3,0,1,1,1,0,1,1,0,1,400,14
7.210000038146973,1.975468993186951,0,0,14,3,0,1,0,0,1,0,1,0,0,196,17
11.57999992370606,2.449279546737671,0,0,4,3,0,1,0,0,1,0,1,0,0,16,17
15.38000011444092,2.733067989349365,0,0,13,3,0,1,0,0,1,0,1,0,0,169,17
6.099999904632568,1.808288812637329,0,0,5,3,0,1,0,0,1,0,0,1,1,25,17
7.929999828338623,2.070652961730957,0,0,32,3,0,1,0,0,1,0,1,0,1,1024,17
9.159999847412109,2.214846134185791,0,1,19,4,1,1,0,1,1,0,1,0,1,361,17
6.909999847412109,1.932969570159912,0,1,14,4,0,1,0,1,0,1,1,0,1,196,17
20.18000030517578,3.004692077636719,0,0,28,3,0,1,0,0,1,0,1,0,1,784,17
9.930000305175781,2.295560598373413,0,0,31,3,1,1,0,0,1,1,0,1,0,961,17
7.789999961853027,2.052840948104858,0,1,18,4,0,1,0,0,1,0,0,1,0,324,13
5.130000114440918,1.635105729103088,0,0,23,3,0,1,0,0,1,0,0,0,1,529,5
10.98999977111816,2.396985769271851,0,1,14,4,0,1,0,0,1,1,0,1,0,196,16
6.559999942779541,1.880990624427795,1,0,17,2,0,1,0,0,1,0,0,1,0,289,13
10.10000038146973,2.312535524368286,0,0,16,3,0,1,0,0,1,0,1,0,0,256,13
10.73999977111816,2.373975038528442,0,0,19,3,0,1,0,0,1,0,0,0,0,361,16
16.35000038146973,2.794227838516235,0,0,26,3,0,1,0,0,1,0,1,0,0,676,17
4.619999885559082,1.530394673347473,0,1,20,4,0,1,0,1,1,1,0,1,1,400,12
7.489999771118164,2.013568878173828,0,0,18,3,0,1,0,0,1,0,0,0,0,324,17
19.22999954223633,2.95647144317627,0,0,35,3,0,1,0,0,1,0,1,0,0,1225,17
4.769999980926514,1.562346339225769,0,1,9,4,0,1,0,1,0,1,0,1,1,81,17
7.139999866485596,1.965712785720825,1,0,20,2,0,1,0,1,0,0,1,0,1,400,17
14.42000007629395,2.668616056442261,0,1,7,4,0,1,0,0,1,1,0,0,1,49,17
9.279999732971191,2.227861404418945,0,1,40,4,0,1,0,0,0,1,0,0,1,1600,17
29.97999954223633,3.400530576705933,0,0,12,3,0,1,0,0,1,0,0,1,1,144,17
32.79000091552734,3.490123510360718,0,1,33,4,0,1,0,0,1,0,0,1,1,1089,16
9.619999885559082,2.26384425163269,0,0,16,3,0,1,0,0,1,0,0,1,0,256,16
8.359999656677246,2.123458385467529,0,0,15,3,0,1,0,1,1,0,1,0,0,225,16
21.6299991607666,3.074081182479858,0,0,11,3,0,1,0,0,1,0,0,1,1,121,17
15.89999961853027,2.766319036483765,0,1,24,4,0,1,0,0,1,0,0,1,1,576,17
5.769999980926514,1.752672076225281,1,0,6,2,0,1,0,0,1,1,1,0,1,36,17
20.98999977111816,3.04404616355896,1,0,40,2,0,1,0,0,1,1,1,0,1,1600,17
23.31999969482422,3.149311304092407,0,1,15,5,0,1,0,0,1,1,0,0,1,225,17
4.96999979019165,1.603419780731201,0,1,9,4,0,1,0,0,1,0,0,1,1,81,17
6.889999866485596,1.930071115493774,1,0,16,2,0,1,0,0,1,1,0,0,0,256,17
5.730000019073486,1.745715498924255,1,0,12,2,0,1,0,1,0,1,1,0,1,144,13
5.190000057220459,1.64673376083374,0,0,8,3,0,1,0,0,1,0,0,1,1,64,17
7.789999961853027,2.052840948104858,0,0,25,3,1,1,0,1,0,0,0,1,1,625,17
8.789999961853027,2.173614740371704,0,0,24,3,1,1,0,1,1,0,0,0,1,576,16
9.319999694824219,2.232162714004517,0,1,25,4,1,1,0,1,0,1,0,1,0,625,17
8.329999923706055,2.119863510131836,0,1,7,4,0,1,0,1,0,1,1,0,1,49,17
10.11999988555908,2.314513683319092,0,0,40,3,0,1,1,1,0,0,0,1,1,1600,10
1.980000019073486,.6830968260765076,0,0,29,3,0,0,0,1,0,0,0,0,1,841,8
8.239999771118164,2.109000205993652,0,1,13,4,0,1,0,1,1,0,1,0,1,169,17
5.050000190734863,1.619388222694397,0,1,5,4,0,1,0,1,0,0,0,0,1,25,14
6.550000190734863,1.879465103149414,0,0,10,3,0,1,0,1,1,0,0,0,0,100,16
4.46999979019165,1.497388362884522,0,0,25,3,1,1,0,0,1,0,0,0,1,625,13
7.960000038146973,2.074429035186768,0,0,10,3,0,1,0,1,1,0,1,0,1,100,16
6.25,1.832581520080566,1,0,20,2,0,1,0,0,0,0,0,0,1,400,17
4.130000114440918,1.418277382850647,0,0,7,3,0,1,0,0,0,0,0,0,0,49,16
6.730000019073486,1.906575202941895,1,0,25,2,0,1,0,1,1,1,0,0,1,625,13
7.690000057220459,2.039920806884766,0,0,8,3,0,1,0,1,0,0,0,1,1,64,17
4.349999904632568,1.470175862312317,1,0,8,2,0,1,0,1,1,0,0,1,1,64,14
7.690000057220459,2.039920806884766,0,0,28,3,0,1,0,0,1,0,0,1,0,784,14
4.809999942779541,1.570697069168091,1,0,37,2,0,1,0,0,1,1,0,1,1,1369,16
5.239999771118164,1.656321406364441,0,0,31,3,0,1,0,0,1,0,0,0,1,961,17
2.140000104904175,.7608059048652649,0,1,24,4,0,1,0,0,1,0,0,0,1,576,16
4.489999771118164,1.501852631568909,0,1,33,4,0,1,0,0,1,0,0,0,1,1089,17
3.609999895095825,1.283707737922669,0,1,8,4,0,1,0,0,1,0,0,1,1,64,17
5.449999809265137,1.695615530014038,0,0,33,3,0,1,0,0,1,0,0,1,1,1089,17
5,1.609437942504883,0,0,30,3,0,1,0,0,1,0,0,0,1,900,17
6.730000019073486,1.906575202941895,0,0,23,3,0,1,0,0,1,0,0,1,1,529,17
10.05000019073486,2.307572603225708,0,0,24,3,0,1,0,0,1,0,0,0,0,576,16
6.539999961853027,1.877937197685242,0,1,4,4,0,1,0,0,1,0,0,1,0,16,17
9.199999809265137,2.219203472137451,0,0,40,3,0,1,0,1,0,0,0,0,1,1600,17
4.619999885559082,1.530394673347473,0,0,1,3,0,1,0,1,0,0,0,1,1,1,16
3.369999885559082,1.21491265296936,0,0,36,3,0,1,1,1,0,0,1,0,1,1296,13
5.539999961853027,1.711994528770447,0,1,7,4,0,1,0,1,0,0,0,1,1,49,17
6.110000133514404,1.809926748275757,0,1,7,5,0,1,0,1,1,0,0,0,0,49,12
4.989999771118164,1.607435822486877,0,0,14,3,0,1,0,1,0,0,0,1,1,196,13
5.880000114440918,1.771556735038757,0,0,7,3,0,1,0,1,1,0,0,1,1,49,17
5.659999847412109,1.733423829078674,0,1,11,4,1,1,0,1,0,1,0,1,1,121,16
4,1.386294364929199,0,0,6,3,0,1,0,0,1,0,0,1,1,36,16
6.869999885559082,1.927164077758789,0,0,23,3,0,1,0,1,1,0,0,0,1,529,16
4.369999885559082,1.474763035774231,1,0,19,2,0,1,0,1,0,0,0,0,1,361,17
5.769999980926514,1.752672076225281,0,0,30,3,0,1,0,0,1,1,0,1,0,900,13
5.769999980926514,1.752672076225281,0,1,21,4,0,1,0,0,1,1,0,0,1,441,17
12.3100004196167,2.510411977767944,0,1,9,4,0,1,0,0,1,0,1,0,1,81,17
19.07999992370606,2.948640584945679,0,0,29,3,1,1,0,0,1,1,0,1,1,841,17
7.550000190734863,2.021547555923462,0,0,9,3,0,1,0,1,0,0,0,0,1,81,17
5.900000095367432,1.774952411651611,0,1,18,4,0,1,0,1,0,0,0,0,1,324,17
6.369999885559082,1.851599454879761,0,0,26,3,0,1,0,1,0,1,0,0,1,676,17
6.150000095367432,1.816452145576477,0,1,21,4,1,1,0,0,1,0,0,0,1,441,17
1.919999957084656,.6523251533508301,1,0,12,2,1,1,0,1,1,1,0,1,1,144,17
3.269999980926514,1.184790015220642,0,0,11,3,0,1,0,0,0,0,0,1,1,121,17
2.180000066757202,.7793248891830444,0,1,18,4,0,1,0,0,0,0,0,1,1,324,17
5.619999885559082,1.72633159160614,0,0,22,3,0,1,0,0,1,0,0,1,1,484,17
9.289999961853027,2.228938579559326,0,1,38,4,0,1,0,1,0,0,0,0,1,1444,17
6.409999847412109,1.857859253883362,0,0,10,3,1,1,0,1,1,0,0,1,1,100,17
7.460000038146973,2.009555339813232,0,0,22,3,1,1,0,1,1,0,0,1,1,484,16
6.590000152587891,1.885553359985352,1,0,16,2,1,1,0,1,0,0,1,0,1,256,17
6.730000019073486,1.906575202941895,1,0,20,2,1,1,0,1,1,1,0,1,1,400,17
5.610000133514404,1.724550724029541,0,0,14,3,1,1,0,1,1,1,0,1,1,196,16
3.650000095367432,1.294727206230164,0,1,14,4,0,1,0,1,1,0,1,0,1,196,16
13.01000022888184,2.565718412399292,0,1,15,4,1,1,0,0,1,0,1,0,1,225,17
6.96999979019165,1.941615223884583,0,0,18,3,1,1,0,0,0,0,0,0,1,324,17
7.690000057220459,2.039920806884766,0,0,21,3,1,1,0,1,1,1,0,1,1,441,17
6.730000019073486,1.906575202941895,0,0,15,3,0,1,0,0,1,1,0,1,1,225,16
5.130000114440918,1.635105729103088,0,0,10,3,1,1,0,1,0,0,0,0,1,100,17
2.140000104904175,.7608059048652649,0,1,6,4,0,1,0,1,1,0,0,1,1,36,16
4.53000020980835,1.510722041130066,1,0,8,2,1,1,0,1,1,0,0,1,1,64,14
9.100000381469727,2.208274364471436,1,0,18,2,0,1,0,1,0,1,1,0,1,324,17
9.779999732971191,2.280339479446411,0,0,15,3,1,1,0,1,0,0,0,1,1,225,17
3.630000114440918,1.289232730865479,0,1,11,4,0,1,0,1,1,0,1,0,1,121,13
7.210000038146973,1.975468993186951,0,0,20,3,1,0,1,1,1,0,1,0,1,400,17
10.61999988555908,2.362739086151123,0,0,18,3,1,1,0,1,1,0,0,1,1,324,17
4.619999885559082,1.530394673347473,0,0,10,3,1,1,0,1,1,0,0,1,1,100,17
6.539999961853027,1.877937197685242,0,0,26,3,1,1,0,1,0,1,0,0,1,676,14
12.11999988555908,2.4948570728302,0,0,35,3,1,0,0,1,0,0,1,0,1,1225,17
7.210000038146973,1.975468993186951,0,1,30,4,1,1,0,1,1,0,0,1,1,900,16
6.25,1.832581520080566,0,1,6,4,1,0,0,1,0,0,0,1,1,36,16
3.849999904632568,1.348073124885559,0,0,13,3,1,1,0,1,1,0,0,1,1,169,17
3.029999971389771,1.108562588691711,0,0,10,3,0,0,0,1,1,0,0,1,1,100,16
2.009999990463257,.69813472032547,0,0,16,3,0,1,0,1,1,0,1,0,1,256,16
3.900000095367432,1.360976576805115,0,1,5,4,1,1,0,1,1,0,0,0,1,25,17
6.349999904632568,1.848454833030701,0,0,11,3,1,1,0,1,0,0,1,0,1,121,17
2,.6931471824645996,0,1,6,4,0,1,0,1,1,0,0,0,1,36,14
7.690000057220459,2.039920806884766,0,0,22,3,1,1,0,0,1,1,0,1,1,484,17
2.630000114440918,.9669839143753052,0,0,4,3,0,1,0,1,0,0,1,0,1,16,12
5,1.609437942504883,0,1,15,4,1,1,0,1,1,1,1,0,1,225,17
6.539999961853027,1.877937197685242,0,0,7,3,0,1,0,1,0,0,1,0,1,49,17
5.190000057220459,1.64673376083374,0,0,10,3,0,1,0,1,1,0,0,1,1,100,16
9.75,2.277267217636108,0,0,8,3,1,1,0,1,1,0,1,0,1,64,16
2.809999942779541,1.033184409141541,0,0,14,3,0,1,1,1,1,0,1,0,0,196,13
4.619999885559082,1.530394673347473,0,0,11,3,1,1,0,0,1,0,0,1,1,121,17
7.329999923706055,1.991975545883179,0,0,34,3,1,1,0,0,1,0,0,1,1,1156,17
7.690000057220459,2.039920806884766,0,1,12,4,1,1,0,0,1,0,0,0,1,144,17
3.259999990463257,1.181727170944214,0,0,10,3,1,1,0,0,1,0,0,0,1,100,17
5.769999980926514,1.752672076225281,1,0,11,2,0,1,0,1,0,0,0,1,1,121,17
5.590000152587891,1.720979332923889,0,1,8,4,1,1,0,0,0,0,0,1,1,64,17
5.130000114440918,1.635105729103088,0,0,28,3,0,1,1,0,0,0,0,0,1,784,16
14.73999977111816,2.690564870834351,1,0,24,2,1,1,0,0,1,0,1,0,1,576,17
3.670000076293945,1.300191640853882,0,0,8,3,1,1,0,1,0,0,0,0,1,64,17
9.729999542236328,2.275213956832886,0,1,13,4,0,1,0,0,1,0,0,0,1,169,17
3.460000038146973,1.241268634796143,0,0,4,3,1,1,0,0,1,0,0,0,1,16,13
6.369999885559082,1.851599454879761,0,1,43,4,1,1,0,0,1,0,0,1,1,1849,17
6.579999923706055,1.884034752845764,0,0,30,3,0,1,0,1,1,0,0,1,1,900,16
10.14999961853027,2.317473649978638,0,0,16,3,1,1,1,0,0,0,1,0,1,256,16
9.229999542236328,2.222459077835083,0,0,19,3,1,1,0,0,1,1,0,0,1,361,17
6.75,1.909542560577393,0,0,21,3,0,0,0,0,1,1,0,1,1,441,17
10.22000026702881,2.324346542358398,0,0,26,3,0,1,0,1,0,0,1,0,1,676,17
4.760000228881836,1.560247659683228,0,0,8,3,1,1,0,0,1,0,0,1,1,64,16
1.759999990463257,.5653138160705566,0,0,24,3,0,1,0,1,0,0,1,0,1,576,17
12.72999954223633,2.5439612865448,0,1,15,4,1,1,0,0,1,0,0,1,1,225,17
5.849999904632568,1.766441702842712,0,0,26,3,1,1,0,0,1,0,0,0,0,676,12
3.170000076293945,1.15373158454895,0,0,6,3,0,0,0,0,1,0,0,0,0,36,16
5.989999771118164,1.790091395378113,1,0,19,2,0,1,0,0,1,0,0,1,0,361,12
4.619999885559082,1.530394673347473,0,0,4,3,0,1,0,0,1,0,1,0,0,16,12
1.799999952316284,.5877866148948669,0,1,23,4,0,1,0,0,1,1,0,0,1,529,13
5.949999809265137,1.783391237258911,0,1,25,4,0,1,0,0,1,0,0,1,1,625,13
7.460000038146973,2.009555339813232,0,0,18,3,0,1,0,0,1,0,1,0,0,324,12
8.699999809265137,2.163322925567627,1,0,27,2,0,1,0,0,1,0,0,1,0,729,13
3.75,1.321755886077881,0,0,16,3,0,1,0,0,1,0,0,0,0,256,10
7.690000057220459,2.039920806884766,0,0,20,3,0,1,0,0,1,0,0,1,1,400,12
5.239999771118164,1.656321406364441,0,0,12,3,0,0,0,0,1,0,0,0,0,144,14
10.10000038146973,2.312535524368286,0,1,35,4,0,1,0,0,1,0,1,0,0,1225,12
3.75,1.321755886077881,1,0,36,1,0,1,0,0,0,0,0,1,0,1296,12
5.789999961853027,1.756132245063782,0,0,35,3,0,1,0,0,1,0,0,1,0,1225,13
5.059999942779541,1.621366500854492,0,0,5,3,0,1,0,0,1,0,0,1,1,25,17
7.960000038146973,2.074429035186768,0,1,15,4,1,1,0,0,1,0,0,1,0,225,13
12.81999969482422,2.551006317138672,0,0,44,3,1,1,0,0,1,0,1,0,0,1936,12
8.460000038146973,2.135349273681641,0,0,28,3,0,1,0,0,1,1,0,1,0,784,13
3.759999990463257,1.324418902397156,0,1,2,4,1,1,0,1,0,1,1,0,1,4,13
2.859999895095825,1.050821542739868,0,0,43,3,0,1,0,0,1,0,0,1,1,1849,12
11.8100004196167,2.468946695327759,0,0,30,3,1,1,0,0,1,0,1,0,0,900,10
7.690000057220459,2.039920806884766,0,0,26,3,0,1,0,0,1,0,0,1,0,676,12
7.210000038146973,1.975468993186951,0,0,40,3,1,0,0,0,1,0,1,0,0,1600,12
2.880000114440918,1.057790279388428,0,1,7,4,0,1,1,1,0,0,0,1,1,49,13
5.730000019073486,1.745715498924255,0,0,10,3,1,1,0,1,0,1,0,1,0,100,12
4.489999771118164,1.501852631568909,1,0,37,2,0,1,0,0,1,0,0,0,1,1369,12
9.569999694824219,2.258633136749268,0,1,27,4,1,1,0,0,1,0,0,1,1,729,17
3.609999895095825,1.283707737922669,0,0,5,3,0,1,0,0,1,0,1,0,1,25,17
7.769999980926514,2.050270080566406,1,0,14,2,0,1,0,0,1,0,0,0,0,196,13
9.229999542236328,2.222459077835083,1,0,16,2,0,1,0,0,0,0,1,0,0,256,16
5.579999923706055,1.719188809394836,0,0,4,3,0,1,0,0,1,0,0,1,0,16,17
5.340000152587891,1.675225734710693,0,0,39,3,0,1,0,0,1,0,1,0,1,1521,16
5.170000076293945,1.64287269115448,0,0,32,3,1,1,0,0,1,1,0,1,1,1024,12
6.409999847412109,1.857859253883362,0,1,16,4,0,1,0,0,1,1,0,0,1,256,17
7.400000095367432,2.001480102539063,0,1,10,4,0,1,0,1,0,0,0,1,1,100,17
6.75,1.909542560577393,0,1,15,4,0,1,0,0,1,0,0,1,0,225,17
8.460000038146973,2.135349273681641,0,1,10,4,0,1,0,0,1,1,0,1,1,100,17
4.610000133514404,1.528227925300598,0,0,10,3,0,1,0,1,0,0,0,0,0,100,13
8.609999656677246,2.152924299240112,0,0,12,3,0,0,0,1,1,1,0,1,0,144,12
5.239999771118164,1.656321406364441,0,1,4,4,0,1,0,0,0,0,0,0,0,16,16
15.38000011444092,2.733067989349365,0,0,12,3,0,1,0,0,0,1,1,0,0,144,17
2.369999885559082,.8628898859024048,0,1,15,4,0,1,0,1,1,0,0,1,0,225,12
6.71999979019165,1.905088067054749,0,1,37,4,0,1,0,1,0,1,1,0,0,1369,12
9.399999618530273,2.240709543228149,0,1,23,4,0,1,0,0,1,0,0,1,0,529,14
7.840000152587891,2.059238910675049,0,0,15,3,0,1,0,0,1,0,0,1,0,225,16
15,2.70805025100708,0,1,10,4,0,1,0,0,0,0,1,0,0,100,17
4.699999809265137,1.547562479972839,0,1,14,4,0,1,0,1,1,0,0,1,0,196,12
11.27999973297119,2.423031330108643,0,0,17,3,0,1,0,0,0,1,1,0,0,289,13
11.97000026702881,2.482403516769409,0,0,24,3,0,1,0,0,1,0,0,1,0,576,16
13.98999977111816,2.63834285736084,0,1,13,4,0,1,0,0,1,1,0,0,0,169,17
3,1.098612308502197,0,0,5,3,0,1,0,1,1,1,0,1,0,25,13
3.410000085830689,1.226712346076965,0,0,20,3,0,1,0,1,1,0,0,1,0,400,12
9.619999885559082,2.26384425163269,0,1,29,4,0,1,0,0,1,0,0,1,0,841,14
6.730000019073486,1.906575202941895,0,1,10,4,0,1,0,0,0,0,1,0,0,100,16
9.619999885559082,2.26384425163269,0,0,36,3,0,1,0,0,1,1,1,0,1,1296,13
5.190000057220459,1.64673376083374,0,0,15,3,0,1,0,1,1,0,0,0,1,225,13
4.619999885559082,1.530394673347473,0,0,26,3,0,1,0,1,1,0,0,0,1,676,12
5.03000020980835,1.615419983863831,0,1,13,4,0,1,0,1,1,0,0,0,1,169,14
9.840000152587891,2.286455631256104,0,0,26,3,0,1,0,0,1,0,0,1,0,676,14
5.289999961853027,1.665818214416504,0,0,9,3,1,1,0,0,1,0,0,1,0,81,12
10.98999977111816,2.396985769271851,1,0,40,1,0,1,0,0,1,0,0,1,0,1600,12
7.079999923706055,1.957273840904236,0,0,28,3,1,0,0,0,1,0,1,0,0,784,16
8.170000076293945,2.100468873977661,1,0,12,2,0,1,0,0,0,0,1,0,0,144,16
5.880000114440918,1.771556735038757,0,1,25,4,0,1,0,1,1,0,0,0,1,625,13
7.920000076293945,2.069391250610352,0,1,18,4,0,1,0,1,1,0,0,1,0,324,13
4.440000057220459,1.490654349327087,0,0,9,3,0,1,0,0,0,0,0,1,0,81,17
6.639999866485596,1.893111944198608,0,0,9,3,1,1,0,0,1,0,0,0,0,81,13
15.80000019073486,2.760010004043579,0,1,30,4,0,0,0,0,1,0,0,1,0,900,17
9.229999542236328,2.222459077835083,0,0,40,3,0,1,0,1,0,0,1,0,0,1600,14
12.81999969482422,2.551006317138672,0,0,36,3,0,1,0,0,1,0,1,0,0,1296,17
14.18000030517578,2.651832580566406,0,1,30,4,0,1,0,0,1,0,0,1,0,900,16
11.53999996185303,2.445819139480591,0,0,27,3,1,1,0,0,1,0,1,0,1,729,12
9.399999618530273,2.240709543228149,0,0,22,3,1,1,0,0,1,0,0,1,1,484,12
10.39000034332275,2.340843915939331,0,0,40,3,1,1,0,0,1,1,0,1,0,1600,13
5.539999961853027,1.711994528770447,0,0,40,3,0,1,1,0,1,0,1,0,1,1600,12
7.860000133514404,2.061786651611328,0,0,21,3,0,1,0,0,1,0,1,0,0,441,14
8.170000076293945,2.100468873977661,0,0,36,3,1,0,0,0,1,1,0,0,0,1296,13
4.050000190734863,1.398716926574707,0,1,16,4,0,1,0,1,1,0,0,1,1,256,12
7.809999942779541,2.055404901504517,0,0,36,3,1,0,0,0,1,0,1,0,0,1296,10
2.559999942779541,.940007209777832,0,0,18,3,0,1,0,0,1,0,0,0,0,324,13
12.97999954223633,2.563409566879273,0,1,11,4,0,1,0,0,0,1,0,0,0,121,16
41.66999816894531,3.72978138923645,0,1,16,4,0,0,0,0,1,0,0,1,0,256,13
4.809999942779541,1.570697069168091,0,1,12,4,0,1,0,1,1,0,0,0,0,144,13
1.320000052452087,.2776317894458771,0,0,2,3,1,1,0,0,1,0,0,1,0,4,10
3.710000038146973,1.311031937599182,0,0,4,3,0,1,0,0,0,0,1,0,0,16,16
4.809999942779541,1.570697069168091,0,0,21,3,1,1,0,0,1,0,1,0,1,441,16
4.679999828338623,1.543298125267029,0,0,4,3,0,1,0,0,0,0,1,0,0,16,12
8.210000038146973,2.105352878570557,1,0,32,2,1,1,0,1,0,1,0,0,1,1024,17
4.03000020980835,1.393766403198242,0,0,7,3,0,1,0,1,0,0,1,0,0,49,16
4.809999942779541,1.570697069168091,0,0,5,3,0,0,0,0,0,0,1,0,0,25,13
15.63000011444092,2.749192237854004,0,0,23,3,0,1,0,0,1,1,1,0,0,529,16
7.690000057220459,2.039920806884766,0,0,23,3,1,1,0,0,1,0,1,0,0,529,5
7.170000076293945,1.969905614852905,0,0,14,3,0,1,0,0,1,0,0,1,0,196,13
8.079999923706055,2.089391946792603,0,1,13,4,0,1,0,0,1,0,0,1,0,169,16
9.029999732971191,2.200552225112915,0,0,28,3,0,1,0,0,1,0,0,1,0,784,13
6.75,1.909542560577393,0,1,35,4,0,1,0,0,1,0,1,0,0,1225,14
8.439999580383301,2.13298225402832,0,1,16,4,0,1,0,0,1,0,0,0,0,256,13
6,1.791759490966797,0,1,12,4,0,1,0,0,1,0,0,0,1,144,17
6.150000095367432,1.816452145576477,0,0,7,3,0,1,0,0,1,1,0,0,1,49,17
4.099999904632568,1.41098690032959,0,0,25,3,0,1,0,0,1,0,0,1,1,625,12
14.17000007629395,2.651127099990845,0,0,22,3,1,1,0,0,1,1,0,1,0,484,13
6.409999847412109,1.857859253883362,0,0,22,3,0,1,0,0,1,0,0,1,1,484,17
31.09000015258789,3.436886310577393,0,0,32,3,0,0,0,0,1,0,0,1,0,1024,13
10.28999996185303,2.331172466278076,0,1,35,4,0,1,0,0,1,1,0,1,1,1225,13
5.059999942779541,1.621366500854492,0,0,28,3,0,1,0,0,1,0,1,0,0,784,12
6.369999885559082,1.851599454879761,0,0,18,3,0,1,0,0,1,1,0,1,0,324,13
2.980000019073486,1.091923356056213,0,0,11,3,0,1,0,1,0,0,0,1,0,121,17
13.27999973297119,2.586259126663208,0,0,40,3,0,1,0,0,1,0,1,0,0,1600,13
4.199999809265137,1.435084462165833,1,0,10,2,0,1,0,0,1,1,0,0,0,100,13
8.920000076293945,2.188295841217041,0,0,40,3,0,1,0,0,1,1,0,1,1,1600,12
2.630000114440918,.9669839143753052,0,0,7,3,0,1,0,1,1,0,0,0,0,49,16
26.23999977111816,3.267284870147705,0,0,24,3,0,1,0,0,1,0,1,0,0,576,12
7.539999961853027,2.020222187042236,0,1,36,4,0,1,0,0,0,0,0,0,0,1296,12
8.649999618530273,2.157559394836426,0,0,34,3,0,1,0,0,1,0,0,1,1,1156,13
20.98999977111816,3.04404616355896,0,0,44,3,0,1,0,0,1,1,1,0,0,1936,16
10.26000022888184,2.328252792358398,0,0,44,3,0,1,0,0,1,0,0,1,1,1936,13
8.550000190734863,2.145931243896484,0,0,30,3,0,1,0,0,1,0,1,0,0,900,16
2.079999923706055,.7323678731918335,0,1,23,4,0,1,0,0,1,0,1,0,0,529,12
3,1.098612308502197,0,0,5,3,0,0,0,0,0,1,0,0,0,25,13
6.010000228881836,1.793424844741821,0,1,25,4,0,1,0,0,1,1,0,1,1,625,16
10.05000019073486,2.307572603225708,0,1,14,4,0,1,0,0,0,1,0,1,0,196,13
5.730000019073486,1.745715498924255,0,0,5,3,0,1,0,0,1,0,0,1,0,25,12
5.929999828338623,1.780024170875549,0,0,20,3,0,1,0,0,1,0,0,0,0,400,12
4.489999771118164,1.501852631568909,1,0,1,2,0,1,0,0,0,0,0,1,0,1,10
5.659999847412109,1.733423829078674,0,1,13,4,0,1,0,0,0,0,1,0,0,169,16
10.1899995803833,2.321406841278076,0,1,15,4,0,1,0,0,1,1,0,0,0,225,12
20.98999977111816,3.04404616355896,0,0,35,3,0,1,0,0,1,0,0,0,0,1225,12
9.050000190734863,2.202764749526978,0,1,20,4,0,1,0,0,1,0,0,1,0,400,12
3.920000076293945,1.366091728210449,0,1,12,5,0,1,0,0,1,0,0,1,1,144,12
4.28000020980835,1.45395302772522,0,1,7,4,0,1,0,1,0,0,0,0,1,49,16
2.75,1.011600971221924,0,0,7,3,0,1,0,1,0,0,0,1,0,49,16
2.880000114440918,1.057790279388428,0,1,32,4,0,1,0,0,1,0,1,0,0,1024,12
6.409999847412109,1.857859253883362,0,0,13,3,0,1,0,0,1,1,0,1,0,169,13
7.690000057220459,2.039920806884766,0,0,15,3,0,1,0,0,1,0,0,1,1,225,13
3.75,1.321755886077881,0,0,33,3,0,0,0,1,0,0,0,0,1,1089,10
6.409999847412109,1.857859253883362,0,0,48,3,0,1,0,0,1,0,0,1,0,2304,8
11.53999996185303,2.445819139480591,0,1,38,4,0,1,0,0,1,0,0,1,0,1444,16
11.39999961853027,2.433613300323486,0,0,28,3,0,1,0,0,1,0,1,0,1,784,16
2.200000047683716,.7884573936462402,0,1,18,4,0,1,0,1,1,1,0,0,0,324,13
1.649999976158142,.5007752776145935,1,0,24,1,0,1,0,1,0,0,0,1,1,576,13
6.590000152587891,1.885553359985352,0,0,27,3,0,1,0,0,0,0,0,1,1,729,12
11.0600004196167,2.403335094451904,0,0,24,3,0,1,0,0,1,0,0,0,0,576,5
1.629999995231628,.4885800182819367,0,0,16,3,0,1,0,0,1,1,0,1,1,256,10
3.579999923706055,1.275362730026245,0,0,44,3,0,1,0,1,1,0,0,0,0,1936,12
12.3100004196167,2.510411977767944,0,1,14,4,0,1,0,0,1,0,0,1,0,196,16
6.659999847412109,1.896119475364685,0,0,16,3,0,1,0,0,1,0,1,0,0,256,12
10.52999973297119,2.354228258132935,0,0,18,3,0,1,0,1,1,0,0,0,1,324,16
1.919999957084656,.6523251533508301,1,0,18,2,0,1,0,1,1,0,0,0,1,324,13
19.22999954223633,2.95647144317627,0,1,15,4,0,1,0,0,1,0,1,0,0,225,13
7.210000038146973,1.975468993186951,0,1,41,4,0,1,0,0,1,0,1,0,0,1681,12
25.63999938964844,3.244153499603272,0,0,28,3,0,1,0,0,1,0,1,0,0,784,16
3.849999904632568,1.348073124885559,0,0,24,3,0,1,0,0,1,0,0,1,0,576,12
10.98999977111816,2.396985769271851,0,0,13,3,0,1,0,0,1,0,0,1,0,169,12
10.02000045776367,2.304583072662354,0,0,22,3,0,1,0,0,1,0,1,0,0,484,13
5.309999942779541,1.669591784477234,0,1,18,4,0,1,0,0,1,0,0,1,0,324,13
7.190000057220459,1.972691178321838,0,0,40,3,0,1,0,0,1,1,0,1,0,1600,13
3.819999933242798,1.340250372886658,0,1,17,4,0,1,0,0,1,0,0,0,0,289,13
9.619999885559082,2.26384425163269,0,0,17,3,0,1,0,0,1,0,0,1,0,289,12
9.619999885559082,2.26384425163269,0,1,20,4,0,1,0,0,1,0,0,0,0,400,16
3.849999904632568,1.348073124885559,0,1,30,4,0,1,0,0,1,0,0,0,1,900,12
7.5,2.014903068542481,0,0,30,3,0,1,0,0,1,0,0,1,0,900,12
6.920000076293945,1.934415817260742,0,1,22,4,0,1,0,0,1,0,0,1,1,484,12
7.690000057220459,2.039920806884766,0,1,7,4,0,1,0,0,1,0,0,1,0,49,12
9.229999542236328,2.222459077835083,0,0,23,3,0,1,0,0,0,1,0,1,0,529,14
1.269999980926514,.2390168905258179,0,0,8,3,0,1,0,1,1,0,0,1,0,64,13
4.820000171661377,1.572773933410645,0,1,31,4,0,1,0,0,1,0,0,0,0,961,10
6.75,1.909542560577393,0,0,30,3,0,1,0,0,1,0,0,1,0,900,12
8.550000190734863,2.145931243896484,1,0,26,2,0,1,0,0,0,1,0,0,0,676,13
6.409999847412109,1.857859253883362,0,1,24,4,1,1,0,0,1,0,1,0,0,576,12
7.440000057220459,2.006870746612549,0,0,12,3,1,1,0,0,1,0,0,1,0,144,13
1.320000052452087,.2776317894458771,0,0,37,3,0,1,0,1,1,0,0,1,0,1369,12
4.809999942779541,1.570697069168091,0,1,16,4,0,1,0,1,0,0,0,0,0,256,14
14.35000038146973,2.663749933242798,0,0,23,3,0,1,0,0,1,0,0,1,1,529,16
2.400000095367432,.8754687905311585,1,0,9,2,0,1,0,0,1,0,0,0,0,81,10
3.079999923706055,1.124929547309876,1,0,14,2,0,1,0,0,1,0,0,1,1,196,14
10.65999984741211,2.366498470306397,0,1,8,5,0,1,0,0,0,0,0,0,0,64,13
7.690000057220459,2.039920806884766,1,0,41,2,0,1,0,0,1,0,0,1,0,1681,16
2.539999961853027,.9321640729904175,0,1,5,4,0,1,0,0,0,0,0,1,0,25,13
6.380000114440918,1.85316812992096,0,0,30,3,0,1,0,0,1,0,0,0,0,900,12
4.809999942779541,1.570697069168091,0,1,12,4,0,1,0,0,1,0,1,0,1,144,17
3.819999933242798,1.340250372886658,0,0,24,3,0,1,0,1,0,0,0,1,0,576,12
7.400000095367432,2.001480102539063,0,0,19,3,0,1,0,0,1,0,1,0,0,361,13
7.690000057220459,2.039920806884766,0,1,20,4,0,1,0,0,1,0,0,0,0,400,12
8.239999771118164,2.109000205993652,1,0,23,2,0,1,0,1,1,1,1,0,1,529,14
2.630000114440918,.9669839143753052,0,0,3,3,0,1,0,0,0,0,0,1,0,9,8
5.309999942779541,1.669591784477234,0,1,20,4,0,1,0,0,1,0,0,0,0,400,13
3,1.098612308502197,1,0,45,2,0,1,0,0,1,0,0,0,0,2025,5
5.699999809265137,1.740466117858887,0,0,31,3,0,1,0,0,1,0,0,1,0,961,12
17.48999977111816,2.861629247665405,0,1,23,4,0,1,0,0,1,0,0,0,0,529,13
3.890000104904175,1.35840916633606,0,0,7,3,0,1,0,0,0,1,0,1,1,49,13
16.13999938964844,2.78130054473877,0,0,23,3,1,1,0,0,1,0,0,0,0,529,10
18.31999969482422,2.907993316650391,0,0,25,3,0,1,0,0,1,0,0,1,0,625,13
10.42000007629395,2.343727111816406,0,0,28,3,1,0,0,0,1,0,0,1,0,784,8
24.72999954223633,3.208017110824585,0,0,36,3,0,1,0,0,1,0,1,0,0,1296,12
7.610000133514404,2.029463291168213,0,0,14,3,0,1,0,0,1,0,0,0,0,196,13
10,2.302585124969482,0,1,41,4,0,1,0,0,1,0,0,1,0,1681,17
1.679999947547913,.5187937617301941,0,0,15,3,0,1,0,0,1,0,0,0,0,225,10
5.099999904632568,1.6292405128479,0,1,34,4,0,0,1,0,1,0,0,1,1,1156,17
7.71999979019165,2.043814420700073,0,0,20,3,0,1,0,0,1,0,0,1,0,400,16
13.46000003814697,2.599722385406494,0,1,20,4,0,1,0,0,1,1,1,0,0,400,16
17.47999954223633,2.861057281494141,0,1,35,4,0,1,0,0,1,0,1,0,0,1225,17
1.919999957084656,.6523251533508301,0,0,25,3,0,1,1,0,1,0,0,0,0,625,10
5.090000152587891,1.627277851104736,0,1,38,4,0,1,0,0,1,0,0,1,0,1444,13
6.369999885559082,1.851599454879761,0,0,16,3,0,1,0,1,0,0,1,0,0,256,17
5.449999809265137,1.695615530014038,1,0,6,2,0,1,0,0,0,0,1,0,0,36,16
3.819999933242798,1.340250372886658,0,0,14,3,0,1,0,0,1,0,0,0,0,196,13
20.86000061035156,3.037833452224731,0,1,34,4,0,1,0,0,1,0,0,1,0,1156,8
6.199999809265137,1.824549317359924,0,1,8,4,0,1,0,0,0,0,0,1,1,64,17
26.21999931335449,3.266522407531738,0,0,17,3,0,1,0,0,1,0,1,0,1,289,17
2.5,.9162907600402832,0,0,27,3,0,1,0,0,1,0,0,1,1,729,12
8.100000381469727,2.091864109039307,0,0,13,3,0,1,0,0,0,1,0,1,0,169,13
6.210000038146973,1.826160907745361,0,0,42,3,0,1,0,0,1,0,0,1,0,1764,12
5.239999771118164,1.656321406364441,0,1,11,4,0,1,0,0,1,0,0,1,0,121,16
5.570000171661377,1.717395067214966,0,1,12,4,0,1,0,0,1,0,0,0,0,144,12
7.599999904632568,2.028148174285889,0,1,43,4,0,1,0,0,1,0,0,1,0,1849,12
17.48999977111816,2.861629247665405,0,0,18,3,0,1,0,0,1,0,0,1,0,324,16
10.10000038146973,2.312535524368286,0,0,17,3,0,1,0,0,0,0,0,1,0,289,16
4.329999923706055,1.465567469596863,1,0,4,2,0,1,0,0,0,1,0,1,0,16,13
5.380000114440918,1.682688355445862,0,1,40,4,0,1,0,0,1,0,0,0,0,1600,12
5.699999809265137,1.740466117858887,0,1,14,4,0,1,0,0,1,0,0,1,0,196,16
15.72999954223633,2.755569696426392,0,0,32,3,0,1,0,0,1,0,1,0,0,1024,12
3.160000085830689,1.150572061538696,0,0,13,3,0,1,0,1,1,0,0,1,1,169,12
7.630000114440918,2.032087802886963,0,0,34,3,1,0,0,0,0,0,0,1,0,1156,13
7.690000057220459,2.039920806884766,0,0,10,3,0,1,0,0,0,1,1,0,0,100,16
3.569999933242798,1.272565603256226,0,0,25,3,0,1,0,0,0,0,0,1,0,625,10
5.920000076293945,1.778336405754089,0,1,11,4,0,1,0,0,1,0,1,0,0,121,13
13.11999988555908,2.574137687683106,0,0,40,3,0,1,0,0,1,0,0,1,0,1600,13
38.86000061035156,3.659965515136719,0,0,29,3,0,1,0,0,1,0,0,1,0,841,13
1.919999957084656,.6523251533508301,0,0,30,3,0,0,0,1,0,0,0,1,0,900,13
10.11999988555908,2.314513683319092,0,0,20,3,1,1,0,0,1,0,0,1,0,400,16
12.81999969482422,2.551006317138672,0,1,12,4,0,1,0,0,1,1,0,0,0,144,16
5.489999771118164,1.702928185462952,0,1,20,4,0,1,0,1,0,0,0,1,0,400,13
14.78999996185303,2.693951368331909,0,0,29,3,0,1,0,0,1,0,0,1,0,841,17
10.1899995803833,2.321406841278076,1,0,15,2,0,1,0,0,1,1,0,1,0,225,17
2.109999895095825,.7466878890991211,0,0,37,3,1,1,0,1,0,0,1,0,0,1369,10
9.279999732971191,2.227861404418945,0,0,11,3,0,1,0,0,0,0,1,0,0,121,13
5.329999923706055,1.673351168632507,0,1,19,4,0,1,0,0,1,0,0,1,0,361,13
9.130000114440918,2.211565732955933,0,0,13,3,0,1,0,0,1,0,0,1,0,169,13
9.890000343322754,2.291524171829224,0,0,41,3,0,1,0,0,1,0,0,1,0,1681,10
6.369999885559082,1.851599454879761,0,0,11,3,0,1,0,0,1,0,0,1,0,121,10
4,1.386294364929199,0,0,26,3,0,1,0,1,0,0,0,1,0,676,12
5.090000152587891,1.627277851104736,0,1,7,4,0,1,0,0,1,1,0,1,0,49,13
5.130000114440918,1.635105729103088,0,1,21,4,0,1,0,0,1,1,0,0,0,441,12
2.47000002861023,.9042181372642517,0,1,1,4,0,1,0,1,0,1,0,1,0,1,16
3.289999961853027,1.190887570381165,0,0,26,3,0,1,0,1,1,0,1,0,0,676,10
3.950000047683716,1.37371563911438,0,0,1,3,0,1,0,1,0,1,1,0,0,1,12
3.039999961853027,1.111857533454895,0,0,12,3,0,1,0,1,1,0,0,1,0,144,12
2.269999980926514,.8197798132896423,1,0,3,2,0,1,0,1,1,0,0,0,0,9,12
3.339999914169312,1.205970764160156,0,0,5,3,0,1,0,1,1,0,1,0,0,25,12
4.900000095367432,1.589235186576843,1,0,5,2,1,1,0,0,0,0,0,1,0,25,13
7.210000038146973,1.975468993186951,0,0,6,3,0,1,0,0,1,1,0,1,0,36,14
3.440000057220459,1.235471487045288,0,1,1,4,0,1,0,0,0,0,0,0,0,1,12
2.400000095367432,.8754687905311585,0,1,6,4,0,1,0,1,1,0,0,0,0,36,12
8.260000228881836,2.111424684524536,0,0,38,3,0,1,0,0,1,0,1,0,0,1444,12
10.68000030517578,2.368372917175293,0,0,38,3,0,1,0,0,1,0,0,1,0,1444,12
4.619999885559082,1.530394673347473,0,0,37,3,0,1,0,0,1,0,0,0,0,1369,13
7.550000190734863,2.021547555923462,0,1,26,4,0,1,0,0,1,0,0,1,0,676,13
6.75,1.909542560577393,0,0,42,3,0,0,0,0,1,0,0,0,0,1764,13
7.690000057220459,2.039920806884766,0,0,42,3,0,1,0,0,1,1,0,1,0,1764,12
7.25,1.981001496315002,0,0,10,3,0,1,0,0,1,0,0,1,0,100,14
8.739999771118164,2.167910099029541,0,1,16,4,0,1,0,0,1,0,0,1,0,256,12
4.619999885559082,1.530394673347473,1,0,34,2,0,1,0,0,1,1,0,1,0,1156,13
3.329999923706055,1.202972292900085,1,0,17,2,0,1,0,0,0,0,0,0,0,289,12
4.809999942779541,1.570697069168091,0,0,12,3,0,1,0,1,0,0,0,1,0,144,12
4.579999923706055,1.521698951721191,0,0,24,3,0,1,0,0,1,0,0,1,0,576,12
4.090000152587891,1.408545017242432,0,0,3,3,0,1,0,1,1,0,0,1,0,9,13
1.830000042915344,.604315996170044,0,1,3,4,0,0,0,1,0,0,0,0,0,9,13
3.329999923706055,1.202972292900085,0,0,14,3,0,1,0,0,1,0,0,1,0,196,10
4.71999979019165,1.551808714866638,0,0,3,3,0,0,0,1,0,0,0,0,0,9,12
3.059999942779541,1.118414878845215,0,1,32,4,0,1,0,0,1,0,0,0,0,1024,12
4.949999809265137,1.599387526512146,0,1,9,4,0,1,0,0,1,1,0,1,0,81,13
11.53999996185303,2.445819139480591,0,0,34,3,0,1,0,0,1,1,0,1,0,1156,13
5.630000114440918,1.728109478950501,0,0,5,3,0,1,0,0,1,0,0,1,0,25,14
4.050000190734863,1.398716926574707,1,0,10,2,0,1,0,1,1,0,0,1,0,100,12
1.159999966621399,.148419976234436,0,1,2,4,0,1,0,1,0,1,0,1,0,4,13
4.099999904632568,1.41098690032959,0,0,34,3,0,1,0,1,1,0,1,0,0,1156,8
2.460000038146973,.9001613855361939,0,0,17,3,0,1,0,1,1,0,0,0,0,289,12
4.110000133514404,1.41342306137085,0,1,10,4,0,1,0,1,0,0,1,0,1,100,12
6.110000133514404,1.809926748275757,0,0,44,3,0,1,0,1,1,0,0,0,0,1936,13
4.46999979019165,1.497388362884522,0,1,11,4,0,1,0,1,1,0,0,1,0,121,12
4.619999885559082,1.530394673347473,0,1,3,4,0,1,0,1,0,0,1,0,0,9,12
1.279999971389771,.2468600571155548,0,0,2,3,0,1,0,1,1,0,0,0,1,4,13
4.400000095367432,1.48160457611084,0,1,25,4,0,1,0,1,0,0,0,0,0,625,12
1.269999980926514,.2390168905258179,0,0,12,3,0,1,0,1,1,0,0,1,1,144,12
3.950000047683716,1.37371563911438,0,1,10,4,0,1,0,1,0,0,0,0,0,100,12
3.640000104904175,1.291983723640442,0,0,8,3,0,0,0,0,0,1,0,1,0,64,12
3.75,1.321755886077881,0,1,5,4,0,1,0,1,0,0,0,1,0,25,14
3.210000038146973,1.166270971298218,0,1,12,4,0,1,0,1,0,0,0,1,0,144,13
2.630000114440918,.9669839143753052,0,0,6,3,0,1,0,1,1,0,0,1,1,36,13
5.639999866485596,1.729884028434753,0,0,9,3,0,1,0,0,1,0,0,0,0,81,16
3,1.098612308502197,0,1,2,4,0,1,0,1,0,0,1,0,0,4,12
1.980000019073486,.6830968260765076,0,1,7,4,0,1,0,1,1,0,0,0,0,49,12
4.809999942779541,1.570697069168091,0,0,26,3,0,1,0,1,0,0,0,0,0,676,12
2.630000114440918,.9669839143753052,0,1,13,4,0,1,0,1,1,0,0,1,1,169,13
3.160000085830689,1.150572061538696,0,0,27,3,0,1,0,1,1,0,0,1,0,729,12
6.269999980926514,1.835776329040527,0,0,3,3,1,1,0,0,0,1,1,0,1,9,13
4.050000190734863,1.398716926574707,0,0,8,3,0,1,0,1,0,0,0,1,0,64,13
1.980000019073486,.6830968260765076,0,0,8,3,0,1,0,1,1,0,0,1,0,64,16
2.180000066757202,.7793248891830444,0,1,2,4,0,1,0,1,1,0,0,1,0,4,12
2.630000114440918,.9669839143753052,0,1,4,4,0,1,0,1,1,0,0,0,0,16,12
2.430000066757202,.8878912925720215,0,1,1,4,0,1,0,1,0,0,0,1,0,1,10
1.980000019073486,.6830968260765076,0,1,4,4,0,1,0,1,0,1,0,0,0,16,12
4.090000152587891,1.408545017242432,0,1,5,4,0,1,0,1,1,1,0,0,0,25,12
2.5,.9162907600402832,0,0,12,3,0,1,0,1,0,0,0,1,1,144,12
2.509999990463257,.9202827215194702,0,1,4,5,0,1,0,1,0,0,1,0,0,16,12
3.849999904632568,1.348073124885559,0,1,7,4,1,1,0,1,0,0,0,1,0,49,10
5.130000114440918,1.635105729103088,0,1,5,4,0,1,0,0,0,1,0,1,0,25,12
4.809999942779541,1.570697069168091,0,0,5,3,0,1,0,1,0,0,0,1,0,25,12
4.809999942779541,1.570697069168091,0,1,3,4,0,1,0,0,0,0,0,1,1,9,13
7.070000171661377,1.955860495567322,0,0,8,3,1,1,1,1,0,0,1,0,0,64,13
2.309999942779541,.8372474908828735,0,1,3,4,0,1,0,1,0,0,0,1,1,9,13
3.890000104904175,1.35840916633606,0,1,4,4,0,1,1,1,0,1,1,0,0,16,16
1.980000019073486,.6830968260765076,1,0,25,2,0,1,0,1,0,0,1,0,0,625,12
3.75,1.321755886077881,0,1,31,4,0,0,0,1,0,0,1,0,0,961,12
1.25,.2231435477733612,0,1,5,4,0,1,0,1,1,0,0,0,0,25,12
7.630000114440918,2.032087802886963,0,1,11,4,0,1,0,0,0,0,0,0,1,121,16
6.539999961853027,1.877937197685242,0,0,8,3,0,1,1,1,0,1,0,1,0,64,13
13.13000011444092,2.574899673461914,0,0,24,3,0,1,0,0,1,1,0,1,0,576,16
4.400000095367432,1.48160457611084,0,1,3,5,0,1,0,1,0,0,0,1,0,9,13
7.690000057220459,2.039920806884766,0,0,16,3,0,1,1,1,1,0,0,1,0,256,13
3.849999904632568,1.348073124885559,0,0,7,3,0,1,0,0,1,0,0,1,0,49,10
7.690000057220459,2.039920806884766,0,0,25,3,0,1,0,0,1,0,0,1,0,625,12
5,1.609437942504883,0,0,19,3,0,1,0,0,0,1,0,1,0,361,13
8.939999580383301,2.190535545349121,0,0,31,3,1,1,0,0,1,0,0,1,0,961,10
5.090000152587891,1.627277851104736,0,1,7,5,0,1,0,1,0,0,1,0,0,49,17
3.160000085830689,1.150572061538696,0,0,1,3,0,1,1,1,0,0,1,0,1,1,12
10.57999992370606,2.358965396881104,0,0,21,3,0,1,0,0,1,0,0,1,0,441,13
6.869999885559082,1.927164077758789,0,0,5,3,0,0,1,1,1,0,1,0,0,25,12
2.140000104904175,.7608059048652649,0,1,4,4,0,1,1,1,0,0,1,0,0,16,13
5.130000114440918,1.635105729103088,0,1,15,4,0,1,0,1,0,0,1,0,0,225,16
1.950000047683716,.6678293943405151,1,0,10,2,1,1,0,1,1,0,0,1,1,100,13
1.919999957084656,.6523251533508301,0,1,8,4,0,1,0,1,1,0,0,0,1,64,12
2.650000095367432,.9745596647262573,0,0,18,3,0,1,0,1,1,0,0,1,1,324,13
2.619999885559082,.9631742835044861,0,0,10,3,1,1,0,1,1,1,0,0,1,100,17
7.909999847412109,2.068127870559692,0,1,6,4,1,1,0,1,0,0,0,1,0,36,13
8.550000190734863,2.145931243896484,0,1,30,4,1,1,0,0,1,1,0,0,0,900,12
8.439999580383301,2.13298225402832,0,1,19,4,1,1,0,1,0,0,1,0,0,361,13
7.960000038146973,2.074429035186768,0,0,30,3,1,1,0,0,1,0,0,0,0,900,12
7.210000038146973,1.975468993186951,0,1,38,4,0,0,1,0,0,0,1,0,0,1444,12
4.670000076293945,1.54115903377533,0,0,4,3,0,1,0,0,0,0,1,0,0,16,10
4.28000020980835,1.45395302772522,0,1,7,4,0,1,0,1,0,0,0,1,1,49,13
3.609999895095825,1.283707737922669,0,0,4,3,0,1,0,1,0,1,0,1,0,16,13
1.919999957084656,.6523251533508301,0,0,2,3,0,1,0,1,0,0,0,1,0,4,14
1.679999947547913,.5187937617301941,0,0,5,3,0,1,0,1,1,0,0,0,0,25,13
4.460000038146973,1.495148777961731,0,0,21,3,0,1,0,1,1,0,0,1,0,441,12
2.109999895095825,.7466878890991211,0,1,12,4,0,1,0,1,0,1,0,1,0,144,13
3.809999942779541,1.337629199028015,0,1,4,5,0,1,0,0,1,0,0,1,0,16,12
6.25,1.832581520080566,0,1,11,4,0,1,0,1,1,0,0,1,0,121,12
3.079999923706055,1.124929547309876,0,0,5,3,0,1,1,1,0,0,0,1,0,25,13
5.389999866485596,1.684545397758484,0,0,45,3,0,0,0,0,1,0,0,1,0,2025,10
7.329999923706055,1.991975545883179,0,1,31,4,1,0,0,0,1,0,0,0,0,961,13
4.920000076293945,1.593308568000794,0,0,38,3,1,0,1,1,0,1,1,0,0,1444,12
9.890000343322754,2.291524171829224,0,0,35,3,1,1,1,0,0,0,1,0,0,1225,10
2.980000019073486,1.091923356056213,0,0,12,3,0,1,0,1,1,0,0,1,0,144,12
2.920000076293945,1.07158362865448,0,1,12,4,0,1,0,1,0,0,0,0,1,144,12
4.170000076293945,1.427916049957275,0,1,34,4,0,1,0,1,1,0,0,1,1,1156,12
3.339999914169312,1.205970764160156,1,0,20,2,0,1,1,1,0,0,0,1,0,400,13
2.259999990463257,.8153648376464844,0,1,3,4,0,1,0,1,0,0,0,0,0,9,14
10.11999988555908,2.314513683319092,0,0,18,3,0,1,0,1,0,0,0,1,1,324,13
6.349999904632568,1.848454833030701,0,0,20,3,0,1,0,1,1,0,0,1,0,400,12
7.800000190734863,2.054123640060425,0,0,6,3,0,1,1,1,0,0,1,0,1,36,13
3.75,1.321755886077881,0,1,9,4,0,1,0,1,0,0,0,1,0,81,12
3.589999914169312,1.278152227401733,0,1,3,4,0,1,0,1,1,0,0,1,0,9,12
4.519999980926514,1.508512020111084,0,0,7,3,0,1,0,1,0,0,0,1,0,49,13
4.46999979019165,1.497388362884522,0,0,12,3,0,1,0,1,1,0,0,1,0,144,12
5.289999961853027,1.665818214416504,0,1,12,4,0,1,0,1,0,0,0,1,1,144,12
5.289999961853027,1.665818214416504,0,1,10,4,0,1,0,1,0,1,0,1,1,100,13
4.809999942779541,1.570697069168091,0,1,9,4,0,1,0,1,0,0,0,1,0,81,13
1.980000019073486,.6830968260765076,1,0,3,2,0,1,0,1,1,0,0,0,1,9,14
3.170000076293945,1.15373158454895,0,0,2,3,0,1,0,1,0,0,0,0,0,4,13
2.880000114440918,1.057790279388428,0,1,40,4,0,1,0,1,1,0,1,0,1,1600,12
3.47000002861023,1.244154572486877,0,0,5,3,0,1,0,1,1,0,0,0,1,25,13
3.920000076293945,1.366091728210449,1,0,15,2,0,1,0,1,1,0,0,0,0,225,12
3.460000038146973,1.241268634796143,0,1,13,4,0,1,0,1,1,1,1,0,1,169,17
4.949999809265137,1.599387526512146,0,1,10,5,0,1,1,1,0,0,1,0,0,100,14
2.180000066757202,.7793248891830444,0,0,2,3,0,1,0,1,0,0,0,0,0,4,12
4.099999904632568,1.41098690032959,0,1,23,4,0,1,0,1,0,0,0,1,0,529,12
2.619999885559082,.9631742835044861,0,0,15,3,0,1,0,1,0,0,0,0,1,225,12
6.590000152587891,1.885553359985352,0,0,30,3,0,1,0,1,0,0,0,1,0,900,13
3.960000038146973,1.376244068145752,1,0,15,2,0,1,0,1,1,0,1,0,0,225,12
4.809999942779541,1.570697069168091,0,0,11,3,0,1,0,1,0,0,0,1,0,121,13
3.75,1.321755886077881,0,0,27,3,0,1,0,1,0,0,0,1,1,729,12
7.340000152587891,1.993338823318481,0,0,9,3,1,1,0,1,0,0,1,0,0,81,12
2.930000066757202,1.075002431869507,0,1,1,4,0,1,0,1,0,0,0,0,1,1,12
3.47000002861023,1.244154572486877,0,0,15,3,0,1,0,1,0,0,0,1,1,225,12
5.639999866485596,1.729884028434753,0,0,16,3,0,1,0,1,1,0,0,1,1,256,12
3.75,1.321755886077881,0,0,3,3,0,1,0,1,0,0,0,0,1,9,13
5.449999809265137,1.695615530014038,0,1,19,4,0,1,0,1,0,0,0,1,1,361,17
4.090000152587891,1.408545017242432,0,1,18,4,0,0,0,1,0,1,1,0,0,324,13
3.75,1.321755886077881,0,0,4,3,0,1,0,1,1,0,0,1,0,16,12
6.730000019073486,1.906575202941895,0,1,14,4,0,1,0,1,1,0,0,1,0,196,12
3.279999971389771,1.187843441963196,0,0,8,3,1,1,0,1,1,0,0,1,1,64,13
3.569999933242798,1.272565603256226,0,1,10,4,0,1,0,1,0,0,0,1,0,100,12
6.010000228881836,1.793424844741821,0,0,33,3,0,1,0,0,1,0,1,0,0,1089,12
4.619999885559082,1.530394673347473,0,0,9,3,0,1,0,0,1,0,0,1,0,81,10
6.840000152587891,1.92278778553009,0,1,26,4,0,1,0,0,1,0,1,0,0,676,12
6.409999847412109,1.857859253883362,0,0,15,3,0,1,0,1,1,0,0,0,0,225,10
3.440000057220459,1.235471487045288,1,0,31,2,0,1,0,0,1,0,0,1,0,961,12
3.849999904632568,1.348073124885559,0,0,22,3,1,1,0,0,1,1,0,1,0,484,10
7.150000095367432,1.967112421989441,0,1,30,4,1,1,0,1,0,0,1,0,0,900,12
4.050000190734863,1.398716926574707,0,0,3,3,0,1,1,1,0,1,1,0,0,9,12
2.910000085830689,1.068153142929077,0,1,4,4,0,1,0,0,0,0,0,1,0,16,14
1.919999957084656,.6523251533508301,0,0,4,3,0,0,0,1,0,1,0,1,0,16,12
4.420000076293945,1.48613965511322,0,0,9,3,0,1,0,0,0,0,0,1,0,81,12
8.489999771118164,2.138889074325562,0,0,7,3,1,1,0,0,0,0,1,0,0,49,14
4.28000020980835,1.45395302772522,0,0,3,3,1,1,1,0,0,1,1,0,0,9,13
3.329999923706055,1.202972292900085,0,1,5,4,0,1,0,0,1,0,1,0,1,25,12
8.460000038146973,2.135349273681641,0,0,48,3,0,1,0,0,1,0,1,0,0,2304,13
8.649999618530273,2.157559394836426,0,0,3,3,0,1,0,1,0,0,0,1,0,9,12
1.159999966621399,.148419976234436,0,0,5,3,0,1,0,1,1,1,0,1,1,25,10
1.980000019073486,.6830968260765076,0,0,5,3,0,1,1,1,1,0,0,1,1,25,13
2.569999933242798,.9439058899879456,0,0,3,3,0,1,0,1,1,0,0,1,1,9,12
2.579999923706055,.9477893710136414,0,1,6,4,0,1,1,1,0,0,0,1,1,36,12
2.509999990463257,.9202827215194702,0,1,10,4,0,1,0,1,1,0,0,0,1,100,12
77.72000122070313,4.353112697601318,0,1,9,4,1,1,1,1,1,0,1,0,1,81,13
4.329999923706055,1.465567469596863,0,1,26,4,1,1,0,1,1,1,0,1,0,676,12
4.090000152587891,1.408545017242432,0,0,33,3,1,1,0,0,1,0,0,1,0,1089,8
5.730000019073486,1.745715498924255,0,0,12,3,1,1,0,1,0,1,1,0,0,144,12
4.809999942779541,1.570697069168091,0,0,11,3,1,1,0,1,0,0,0,0,0,121,12
7.690000057220459,2.039920806884766,0,1,10,4,0,1,0,1,0,0,0,1,0,100,12
5.730000019073486,1.745715498924255,0,0,9,3,1,1,0,1,0,0,0,1,0,81,12
5.880000114440918,1.771556735038757,0,0,17,3,1,1,0,1,0,0,0,1,0,289,12
4.269999980926514,1.451613783836365,0,0,37,3,0,1,0,0,1,0,0,0,0,1369,13
9.619999885559082,2.26384425163269,0,1,28,4,0,1,0,0,0,0,0,0,0,784,16
9.359999656677246,2.236445188522339,0,0,16,3,0,1,0,0,0,0,0,1,0,256,12
3.950000047683716,1.37371563911438,0,1,2,5,0,1,0,1,0,0,0,1,0,4,12
5.730000019073486,1.745715498924255,0,0,34,3,1,1,0,1,1,0,0,0,0,1156,12
2.599999904632568,.9555113911628723,0,0,7,3,0,1,0,1,0,1,0,1,0,49,12
3.75,1.321755886077881,0,1,4,4,0,1,0,1,0,0,0,0,0,16,12
5.610000133514404,1.724550724029541,0,1,12,4,0,1,0,1,1,0,0,1,1,144,14
5.730000019073486,1.745715498924255,0,0,20,3,0,1,0,1,1,1,0,1,0,400,13
3.849999904632568,1.348073124885559,0,0,17,3,0,1,0,1,1,1,0,1,0,289,12
2.880000114440918,1.057790279388428,1,0,0,2,0,1,0,1,0,0,0,1,1,0,12
2.75,1.011600971221924,0,1,7,4,0,1,0,1,0,0,0,1,0,49,12
11.56999969482422,2.448415517807007,0,1,13,4,0,1,0,0,0,1,1,0,0,169,13
4.329999923706055,1.465567469596863,0,0,4,3,0,1,1,1,0,0,1,0,1,16,13
2.75,1.011600971221924,0,0,3,3,0,1,0,1,1,0,1,0,0,9,12
5.340000152587891,1.675225734710693,0,0,5,3,0,1,0,1,0,0,0,1,0,25,10
6.559999942779541,1.880990624427795,0,0,19,3,0,1,0,0,1,0,0,1,0,361,12
4.679999828338623,1.543298125267029,0,0,12,3,0,1,0,0,1,0,1,0,0,144,13
1.980000019073486,.6830968260765076,1,0,10,2,0,1,0,1,1,0,0,0,0,100,12
7.960000038146973,2.074429035186768,0,0,18,3,1,1,0,0,1,1,0,1,0,324,12
4.869999885559082,1.583093881607056,1,0,18,2,0,1,0,1,1,0,1,0,0,324,13
3.160000085830689,1.150572061538696,0,0,44,3,1,1,0,1,1,0,0,0,0,1936,10
6.25,1.832581520080566,0,0,5,3,0,1,0,0,0,0,0,1,0,25,12
3,1.098612308502197,0,1,18,4,0,1,0,1,1,0,0,1,0,324,13
3.75,1.321755886077881,0,1,12,4,1,1,0,1,0,1,0,1,0,144,12
3.75,1.321755886077881,0,1,6,4,0,1,0,1,1,0,0,1,0,36,12
6.539999961853027,1.877937197685242,0,1,13,4,0,1,1,1,0,1,1,0,1,169,13
4.190000057220459,1.432700753211975,0,0,10,3,0,1,0,0,1,0,1,0,0,100,13
5.369999885559082,1.680827856063843,1,0,20,2,0,1,0,0,1,0,0,0,0,400,12
2.140000104904175,.7608059048652649,0,1,32,5,0,1,0,1,0,0,0,0,1,1024,16
4.809999942779541,1.570697069168091,0,0,32,3,0,1,0,1,1,0,1,0,0,1024,12
3.529999971389771,1.261297821998596,0,0,8,3,0,1,0,1,1,0,1,0,0,64,12
4.329999923706055,1.465567469596863,0,0,25,3,0,1,0,1,0,0,0,1,1,625,12
6.130000114440918,1.813194751739502,0,0,18,3,1,1,0,0,1,0,0,1,0,324,12
8.789999961853027,2.173614740371704,1,0,31,2,1,0,0,0,1,0,1,0,1,961,12
8.210000038146973,2.105352878570557,0,0,30,3,1,1,0,0,1,0,0,0,0,900,12
2.390000104904175,.8712934255599976,0,0,8,3,0,1,0,0,1,0,0,0,0,64,10
4.579999923706055,1.521698951721191,0,1,18,4,0,1,0,0,1,0,0,0,0,324,12
6.96999979019165,1.941615223884583,0,0,16,3,0,1,0,0,1,0,1,0,0,256,13
10.11999988555908,2.314513683319092,0,0,29,3,1,1,0,0,1,0,0,0,0,841,12
3.75,1.321755886077881,1,0,30,2,0,1,0,0,1,0,0,1,0,900,12
3.519999980926514,1.258460998535156,1,0,8,2,0,1,0,0,0,0,0,1,0,64,12
8.409999847412109,2.129421472549439,0,0,22,3,0,1,0,0,1,0,0,0,0,484,10
7.960000038146973,2.074429035186768,0,1,15,5,0,1,0,0,1,0,0,1,0,225,12
8.239999771118164,2.109000205993652,1,0,20,2,1,1,0,0,1,0,1,0,0,400,12
3.22000002861023,1.169381380081177,0,0,18,3,0,1,0,0,1,0,0,0,0,324,12
7.960000038146973,2.074429035186768,0,0,36,3,0,1,0,0,1,0,0,1,0,1296,8
8.649999618530273,2.157559394836426,0,1,11,4,1,1,0,0,0,0,1,0,0,121,12
4.269999980926514,1.451613783836365,0,0,3,3,0,1,1,0,0,0,0,1,0,9,10
12.65999984741211,2.538447380065918,0,1,22,5,1,1,0,0,1,1,1,0,0,484,12
7.960000038146973,2.074429035186768,0,0,16,3,1,1,0,0,1,0,0,0,0,256,10
3.490000009536743,1.24990177154541,0,0,44,3,0,1,0,0,1,0,0,0,0,1936,10
10.11999988555908,2.314513683319092,1,0,20,2,0,1,0,0,0,0,0,1,0,400,13
3.079999923706055,1.124929547309876,0,1,5,4,0,1,0,0,1,1,0,1,0,25,13
7.960000038146973,2.074429035186768,0,0,8,3,1,1,0,0,1,0,0,1,0,64,12
2.75,1.011600971221924,0,1,2,4,0,1,0,0,0,0,1,0,0,4,12
3.390000104904175,1.220829963684082,0,0,10,3,0,1,0,0,1,0,0,1,0,100,10
5.489999771118164,1.702928185462952,1,0,7,2,0,1,0,0,1,0,0,1,0,49,12
4.269999980926514,1.451613783836365,0,0,11,3,0,1,0,0,1,0,0,1,0,121,12
5.710000038146973,1.742218971252441,0,0,18,3,1,1,0,0,1,1,0,1,0,324,12
3.460000038146973,1.241268634796143,1,0,8,2,0,1,0,1,1,1,0,1,0,64,14
15.38000011444092,2.733067989349365,0,0,37,3,0,1,0,0,1,0,0,1,0,1369,12
8.409999847412109,2.129421472549439,0,0,12,3,0,1,0,0,0,0,0,1,0,144,13
10.11999988555908,2.314513683319092,0,0,11,3,0,1,0,0,1,1,0,1,0,121,12
3.849999904632568,1.348073124885559,0,1,7,4,0,1,0,0,1,1,0,1,0,49,12
4.619999885559082,1.530394673347473,0,1,23,4,0,1,0,0,1,0,0,0,1,529,12
3.410000085830689,1.226712346076965,0,0,5,3,0,1,0,0,1,0,0,0,1,25,12
10.57999992370606,2.358965396881104,0,1,22,4,1,1,0,0,1,1,0,1,0,484,12
10.10000038146973,2.312535524368286,0,0,35,3,1,1,0,0,0,0,1,0,0,1225,13
7.960000038146973,2.074429035186768,0,0,6,3,0,1,0,0,1,0,0,1,0,36,13
6.809999942779541,1.918392062187195,0,1,14,4,0,1,0,0,1,0,1,0,0,196,8
7.210000038146973,1.975468993186951,0,0,37,3,1,1,0,0,1,0,0,1,0,1369,12
6.409999847412109,1.857859253883362,0,0,32,3,1,1,0,0,1,1,0,1,0,1024,8
4.769999980926514,1.562346339225769,0,0,30,3,1,1,0,0,1,0,0,0,0,900,10
6.050000190734863,1.800058245658875,0,0,10,3,1,1,0,0,1,0,0,0,0,100,13
3.75,1.321755886077881,1,0,9,2,1,1,0,0,1,0,0,0,0,81,10
9.159999847412109,2.214846134185791,0,0,14,3,1,1,0,0,1,1,0,1,0,196,13
3.329999923706055,1.202972292900085,0,0,19,3,0,1,0,0,1,0,0,0,0,361,10
4.769999980926514,1.562346339225769,0,0,6,3,1,1,0,0,1,0,0,1,0,36,14
5.789999961853027,1.756132245063782,1,0,28,2,0,1,0,0,1,0,0,1,0,784,12
3.960000038146973,1.376244068145752,0,0,10,3,0,1,0,1,0,0,1,0,0,100,16
6.409999847412109,1.857859253883362,1,0,37,2,1,1,0,0,1,1,0,0,0,1369,12
5.550000190734863,1.713797926902771,0,0,41,3,1,1,0,0,1,0,0,0,0,1681,12
12.73999977111816,2.54474663734436,0,0,18,3,1,0,0,0,1,1,0,0,0,324,10
7.690000057220459,2.039920806884766,0,1,14,4,0,1,0,0,0,1,1,0,0,196,13
8.170000076293945,2.100468873977661,0,0,12,3,1,1,0,0,0,1,1,0,0,144,16
6.400000095367432,1.856297969818115,0,0,26,3,0,1,0,0,1,0,0,1,0,676,12
3.569999933242798,1.272565603256226,0,0,19,3,0,1,1,1,1,0,0,1,0,361,12
6.590000152587891,1.885553359985352,0,1,22,4,0,1,0,0,0,0,0,0,0,484,10
7.690000057220459,2.039920806884766,0,0,27,3,0,1,0,0,1,0,0,1,0,729,12
10.26000022888184,2.328252792358398,0,0,27,3,0,1,1,0,0,0,0,0,0,729,12
7.079999923706055,1.957273840904236,0,0,25,3,0,1,0,0,1,0,0,0,0,625,10
10.42000007629395,2.343727111816406,0,0,10,3,0,1,0,0,1,0,0,1,0,100,12
8.079999923706055,2.089391946792603,0,0,7,3,0,1,0,0,1,0,0,1,0,49,12
4.949999809265137,1.599387526512146,0,1,7,4,0,1,0,0,0,0,0,1,0,49,13
9.810000419616699,2.28340220451355,0,0,24,3,0,1,0,0,1,0,1,0,0,576,13
5.769999980926514,1.752672076225281,0,1,10,4,0,1,0,0,0,0,1,0,0,100,12
4.809999942779541,1.570697069168091,0,1,3,4,0,1,0,0,0,0,0,1,0,9,12
11.94999980926514,2.480731248855591,0,0,28,3,0,1,0,0,1,0,1,0,0,784,14
6.119999885559082,1.811562061309815,0,1,23,4,0,1,0,0,1,0,0,0,0,529,12
4.579999923706055,1.521698951721191,0,1,37,4,0,1,0,0,0,0,0,0,0,1369,12
2.259999990463257,.8153648376464844,1,0,18,2,0,0,0,1,1,0,0,0,0,324,10
4.369999885559082,1.474763035774231,0,0,5,3,0,1,0,0,1,0,0,1,0,25,12
7.710000038146973,2.042518138885498,1,0,42,2,0,1,0,0,1,0,0,0,0,1764,8
7.960000038146973,2.074429035186768,0,0,20,3,0,1,0,1,0,1,0,1,0,400,13
8.930000305175781,2.189416408538818,0,0,33,3,0,1,0,0,0,0,1,0,0,1089,12
12.27000045776367,2.507157325744629,0,0,25,3,0,0,0,0,1,0,0,1,0,625,10
5.730000019073486,1.745715498924255,0,1,14,4,1,1,0,1,1,0,0,0,0,196,12
7.260000228881836,1.982379913330078,0,1,10,4,0,1,0,0,1,0,0,1,0,100,13
4.730000019073486,1.553925156593323,1,0,21,2,0,1,0,0,1,0,0,1,0,441,5
5.380000114440918,1.682688355445862,0,0,8,3,0,1,0,0,1,0,0,0,0,64,12
9,2.197224617004395,0,1,42,4,0,1,0,0,1,0,0,0,0,1764,12
4.909999847412109,1.591273903846741,0,1,10,4,0,1,0,0,1,0,1,0,0,100,12
14.3100004196167,2.660958528518677,1,0,40,2,1,1,0,0,1,0,0,1,0,1600,10
9.739999771118164,2.276241064071655,0,1,13,4,0,1,0,0,1,0,1,0,0,169,12
4.130000114440918,1.418277382850647,0,0,39,3,0,1,0,0,1,0,0,0,0,1521,12
3.75,1.321755886077881,0,0,9,3,0,1,0,0,1,1,0,1,0,81,13
5.260000228881836,1.660131096839905,1,0,26,2,0,1,0,0,1,0,0,0,0,676,12
21.73999977111816,3.079153776168823,0,0,24,3,1,1,0,0,1,1,0,0,0,576,12
8.810000419616699,2.175887584686279,0,0,14,3,1,1,0,0,1,0,0,1,0,196,12
8.170000076293945,2.100468873977661,0,1,12,4,1,1,0,0,1,1,0,1,0,144,13
7.5,2.014903068542481,0,1,35,4,1,1,0,0,1,0,0,0,0,1225,12
3.420000076293945,1.229640603065491,0,0,14,3,0,0,0,0,1,0,0,0,0,196,12
8.890000343322754,2.184926986694336,0,0,18,3,1,1,0,0,1,0,0,1,0,324,12
4.159999847412109,1.425515055656433,0,0,32,3,0,1,0,0,1,0,0,0,0,1024,13
8.170000076293945,2.100468873977661,0,0,23,3,1,1,0,0,1,0,1,0,0,529,12
8.119999885559082,2.094330072402954,0,0,22,3,0,1,0,0,1,1,0,1,0,484,12
10.11999988555908,2.314513683319092,0,0,29,3,0,1,0,0,1,0,0,1,0,841,12
12.5,2.525728702545166,0,0,30,3,1,1,0,0,1,1,0,1,0,900,13
4.329999923706055,1.465567469596863,1,0,15,2,0,1,0,0,0,0,0,1,1,225,8
5.199999809265137,1.648658633232117,0,1,10,4,0,1,0,0,0,0,0,0,1,100,12
9.619999885559082,2.26384425163269,0,1,12,4,0,1,0,0,1,0,0,1,1,144,10
16.03000068664551,2.774461984634399,0,0,25,3,0,1,0,0,1,1,0,1,1,625,10
9.279999732971191,2.227861404418945,0,0,29,3,0,1,0,0,1,0,0,1,1,841,12
2.809999942779541,1.033184409141541,1,0,40,2,0,0,0,0,1,0,0,0,0,1600,8
7.210000038146973,1.975468993186951,0,0,34,3,0,1,1,0,1,1,0,1,0,1156,5
8,2.079441547393799,0,0,18,3,0,1,0,0,1,1,0,1,1,324,12
10.98999977111816,2.396985769271851,0,0,22,3,1,0,0,0,1,0,1,0,0,484,12
4.46999979019165,1.497388362884522,1,0,12,2,0,1,0,0,1,1,0,0,0,144,12
7.070000171661377,1.955860495567322,0,0,10,3,0,1,0,0,1,0,0,1,1,100,12
1.659999966621399,.5068175792694092,0,1,15,4,0,1,0,0,1,0,0,0,1,225,12
7.929999828338623,2.070652961730957,1,0,39,1,1,1,0,0,1,0,1,0,0,1521,12
5.230000019073486,1.654411315917969,0,0,18,3,1,1,0,0,0,0,1,0,0,324,12
7.960000038146973,2.074429035186768,0,0,18,3,1,1,0,0,1,0,0,1,0,324,10
7.03000020980835,1.950186729431152,1,0,16,2,1,1,0,0,1,0,1,0,0,256,12
3.75,1.321755886077881,0,0,18,3,0,1,0,0,1,1,0,0,1,324,8
5.289999961853027,1.665818214416504,0,0,4,3,0,1,0,0,0,0,0,1,0,16,13
4.460000038146973,1.495148777961731,0,0,4,3,0,1,0,0,0,1,0,1,0,16,13
7.960000038146973,2.074429035186768,0,0,39,3,0,1,0,0,1,0,1,0,1,1521,13
5.449999809265137,1.695615530014038,0,0,16,3,0,1,0,0,1,1,0,1,0,256,12
6.869999885559082,1.927164077758789,0,0,23,3,0,1,0,0,1,0,0,1,1,529,12
10.30000019073486,2.332144021987915,0,1,14,4,1,1,0,0,1,0,0,1,0,196,17
8.010000228881836,2.080690860748291,0,0,12,3,0,1,0,0,1,0,1,0,0,144,16
6.25,1.832581520080566,0,0,40,3,0,1,0,0,1,1,1,0,0,1600,13
7.960000038146973,2.074429035186768,0,0,44,3,1,1,0,0,1,1,0,1,0,1936,10
3.930000066757202,1.368639469146729,0,0,8,3,0,1,0,0,1,0,0,1,0,64,13
7.75,2.047692775726318,0,0,23,3,1,1,0,0,1,0,0,0,0,529,5
4.300000190734863,1.458615064620972,1,0,11,2,1,1,0,0,0,0,0,0,0,121,12
4.900000095367432,1.589235186576843,0,0,8,3,1,1,0,0,1,0,0,0,0,64,12
5.559999942779541,1.715598106384277,0,0,45,3,0,1,0,0,1,0,0,1,0,2025,10
5.730000019073486,1.745715498924255,0,0,19,3,0,1,0,0,1,0,0,1,0,361,12
5.699999809265137,1.740466117858887,0,1,19,4,0,1,0,0,1,1,0,0,1,361,13
4.570000171661377,1.519513249397278,1,0,7,2,0,1,0,0,0,0,0,0,0,49,12
4.150000095367432,1.423108339309692,0,1,8,4,0,1,0,0,1,0,0,0,0,64,13
4.710000038146973,1.54968786239624,0,0,34,3,0,1,0,0,1,0,0,0,0,1156,12
7.210000038146973,1.975468993186951,0,1,20,4,0,1,0,0,1,0,0,1,0,400,12
7.039999961853027,1.951608180999756,0,0,12,3,1,1,0,0,0,0,0,1,0,144,13
1.480000019073486,.3920421004295349,1,0,13,2,0,1,0,0,0,0,0,0,1,169,12
3.369999885559082,1.21491265296936,0,1,13,4,1,0,0,1,1,0,0,0,0,169,12
9.619999885559082,2.26384425163269,0,0,4,3,1,1,0,0,0,0,1,0,0,16,12
3.75,1.321755886077881,0,1,3,4,0,1,0,0,0,0,0,0,0,9,12
7.139999866485596,1.965712785720825,0,1,17,4,1,1,0,0,1,0,1,0,0,289,12
6.989999771118164,1.944480538368225,0,1,10,4,0,1,0,0,1,0,1,0,1,100,13
8.460000038146973,2.135349273681641,0,0,26,3,1,1,0,0,1,0,1,0,0,676,10
4.760000228881836,1.560247659683228,0,0,12,3,0,1,0,0,1,0,0,0,0,144,16
3.900000095367432,1.360976576805115,0,1,2,4,0,1,1,1,0,0,0,1,0,4,13
5.769999980926514,1.752672076225281,0,1,11,4,0,1,0,0,1,0,0,1,1,121,14
8.739999771118164,2.167910099029541,0,1,19,4,0,1,0,0,1,0,0,1,1,361,12
6.559999942779541,1.880990624427795,0,1,4,4,0,1,0,0,0,0,0,0,0,16,16
4.239999771118164,1.444563269615173,0,0,9,3,0,1,0,0,0,0,1,0,0,81,13
4.090000152587891,1.408545017242432,0,1,15,4,0,1,0,0,1,0,1,0,1,225,12
20.98999977111816,3.04404616355896,0,0,25,3,0,1,0,0,1,0,0,0,0,625,10
7.690000057220459,2.039920806884766,0,0,7,3,0,1,0,0,1,0,0,1,0,49,12
4.579999923706055,1.521698951721191,0,0,29,3,1,1,0,0,1,0,0,1,0,841,12
6.489999771118164,1.870262503623962,0,0,28,3,1,0,0,0,1,0,0,1,0,784,12
12.81999969482422,2.551006317138672,0,0,3,3,1,1,0,0,1,0,1,0,0,9,12
9.619999885559082,2.26384425163269,0,0,9,3,1,1,0,0,1,0,1,0,0,81,13
8.890000343322754,2.184926986694336,0,0,42,3,1,1,0,0,1,0,0,1,0,1764,12
10.57999992370606,2.358965396881104,0,0,17,3,1,1,0,0,1,0,0,0,0,289,12
7.210000038146973,1.975468993186951,0,0,29,3,0,1,0,0,0,0,0,0,0,841,5
1.649999976158142,.5007752776145935,1,0,7,2,0,1,0,0,0,0,0,1,0,49,10
10.57999992370606,2.358965396881104,0,1,15,4,1,1,0,0,1,0,0,1,0,225,12
3.039999961853027,1.111857533454895,0,0,15,3,1,1,0,0,1,0,0,0,0,225,12
4.550000190734863,1.515127301216126,0,0,43,3,0,1,0,0,1,0,0,1,1,1849,10
7.690000057220459,2.039920806884766,0,0,44,3,1,1,0,0,1,1,0,0,0,1936,10
3,1.098612308502197,0,0,11,3,0,1,0,0,1,0,0,1,1,121,13
12.02000045776367,2.486572027206421,0,1,31,4,1,1,0,0,1,0,1,0,0,961,12
5.989999771118164,1.790091395378113,0,0,21,3,1,1,0,0,1,1,1,0,0,441,14
8.939999580383301,2.190535545349121,0,0,35,3,1,1,0,0,1,0,0,0,0,1225,13
4,1.386294364929199,0,1,7,4,0,1,0,0,0,0,0,0,0,49,10
1.980000019073486,.6830968260765076,0,0,3,3,1,1,0,0,0,1,1,0,0,9,12
1.269999980926514,.2390168905258179,0,1,0,4,0,1,0,1,0,0,0,1,0,0,10
5.570000171661377,1.717395067214966,0,0,10,3,0,1,0,0,1,0,0,1,1,100,5
7.360000133514404,1.996059894561768,1,0,39,2,0,1,0,0,1,0,0,1,0,1521,12
3.079999923706055,1.124929547309876,0,0,5,3,0,1,0,0,1,0,0,1,0,25,12
9.640000343322754,2.265921115875244,0,0,36,3,1,1,0,0,1,1,0,1,0,1296,10
5.090000152587891,1.627277851104736,0,0,18,3,0,1,0,0,1,0,0,0,1,324,10
10.11999988555908,2.314513683319092,0,0,17,3,1,1,0,0,1,1,0,1,0,289,10
9.619999885559082,2.26384425163269,0,0,40,3,1,1,1,0,0,0,1,0,0,1600,8
5.769999980926514,1.752672076225281,0,0,5,3,1,1,0,0,1,0,1,0,0,25,12
8.319999694824219,2.118662118911743,0,1,26,4,1,1,0,0,0,0,0,1,0,676,12
5.730000019073486,1.745715498924255,1,0,34,2,1,1,0,0,1,0,1,0,0,1156,12
5.730000019073486,1.745715498924255,0,0,11,3,0,1,0,0,1,0,0,1,0,121,12
7.210000038146973,1.975468993186951,0,0,43,3,1,1,0,0,1,0,1,0,0,1849,10
8.779999732971191,2.172476291656494,0,0,24,3,1,1,0,0,1,0,0,1,0,576,12
7.960000038146973,2.074429035186768,0,0,15,3,1,1,0,0,1,0,0,1,0,225,13
9.619999885559082,2.26384425163269,0,0,11,3,1,1,0,0,1,0,0,1,0,121,12
7.449999809265137,2.008213996887207,0,0,38,3,1,1,0,0,1,0,1,0,0,1444,12
18.45999908447266,2.915606260299683,0,0,20,3,1,1,0,0,1,0,0,1,0,400,12
8.850000381469727,2.180417537689209,0,1,9,4,1,1,0,0,1,0,0,1,0,81,12
8,2.079441547393799,0,0,7,3,0,1,0,0,0,0,0,0,0,49,10
5.730000019073486,1.745715498924255,0,0,47,3,0,1,0,0,1,1,0,1,0,2209,10
10.60999965667725,2.361796855926514,0,0,17,3,1,1,0,0,1,0,1,0,0,289,13
6.840000152587891,1.92278778553009,0,0,45,3,1,1,0,0,1,0,1,0,0,2025,13
7.78000020980835,2.051556348800659,0,1,9,4,1,1,0,0,1,0,0,1,0,81,12
4.210000038146973,1.437462687492371,0,0,18,3,0,1,0,0,0,0,0,1,0,324,10
10.11999988555908,2.314513683319092,0,0,28,3,1,1,0,0,1,0,0,0,0,784,12
5.559999942779541,1.715598106384277,1,0,10,1,0,1,0,0,1,0,1,0,0,100,13
5.769999980926514,1.752672076225281,1,0,24,2,0,1,0,0,0,0,1,0,0,576,10
3.849999904632568,1.348073124885559,0,0,14,3,0,1,0,0,1,0,0,0,0,196,12
4.329999923706055,1.465567469596863,0,0,31,3,0,1,0,0,0,0,0,0,0,961,8
4.090000152587891,1.408545017242432,0,0,3,3,0,1,1,1,0,0,0,0,0,9,10
7.690000057220459,2.039920806884766,1,0,9,1,1,0,0,0,1,0,1,0,0,81,12
6.980000019073486,1.94304895401001,0,0,38,3,1,1,0,0,1,0,0,0,0,1444,14
5.690000057220459,1.738710284233093,0,0,35,3,1,1,0,1,1,0,0,1,0,1225,8
1.200000047683716,.1823215931653976,0,0,5,3,0,1,0,1,1,0,0,1,0,25,12
7.480000019073486,2.012232780456543,0,0,3,3,1,1,0,0,0,0,0,1,0,9,16
3.130000114440918,1.141033053398132,0,1,5,4,0,1,1,1,1,0,0,0,0,25,12
5.610000133514404,1.724550724029541,0,0,13,3,0,1,0,0,1,0,0,0,0,169,12
3.269999980926514,1.184790015220642,0,0,4,3,0,1,0,1,0,1,0,1,0,16,12
6.25,1.832581520080566,0,1,10,4,1,1,0,0,1,0,0,1,0,100,12
7.690000057220459,2.039920806884766,0,1,10,4,1,1,0,0,1,0,0,1,0,100,13
4,1.386294364929199,1,0,23,2,1,1,0,1,0,0,0,1,0,529,12
4.659999847412109,1.539015412330627,0,1,38,4,0,1,0,1,0,0,0,1,0,1444,10
3.819999933242798,1.340250372886658,0,0,4,3,0,1,0,0,1,0,0,0,0,16,10
5.239999771118164,1.656321406364441,0,1,13,4,1,1,0,0,1,0,1,0,0,169,12
5.130000114440918,1.635105729103088,0,0,35,3,1,0,0,1,1,0,0,0,0,1225,10
3.369999885559082,1.21491265296936,1,0,2,2,1,1,0,1,0,0,1,0,0,4,12
6.409999847412109,1.857859253883362,1,0,5,2,1,1,0,1,0,0,0,1,0,25,13
4.809999942779541,1.570697069168091,0,0,13,3,1,1,0,1,1,0,0,1,0,169,12
5.610000133514404,1.724550724029541,0,1,25,4,1,1,0,0,1,0,0,1,0,625,13
7.96999979019165,2.075684547424316,0,1,9,4,1,1,0,0,1,0,0,1,0,81,13
3.75,1.321755886077881,1,0,20,2,0,1,0,1,1,0,0,0,0,400,13
5.150000095367432,1.638996720314026,0,1,10,4,1,1,0,1,1,0,0,1,0,100,10
5.769999980926514,1.752672076225281,0,1,17,4,1,1,0,0,1,0,1,0,0,289,12
4.940000057220459,1.597365379333496,0,0,46,3,1,1,0,0,1,0,0,0,0,2116,12
3.75,1.321755886077881,0,0,3,3,0,1,0,0,0,0,0,1,0,9,12
1.980000019073486,.6830968260765076,0,1,23,4,0,1,0,0,1,0,1,0,0,529,10
2.519999980926514,.9242588877677918,0,1,3,4,0,1,0,1,0,0,0,1,0,9,8
2.930000066757202,1.075002431869507,0,0,42,3,0,1,1,1,0,0,0,1,0,1764,12
5.090000152587891,1.627277851104736,0,0,35,3,1,1,0,0,1,0,0,0,0,1225,5
2.400000095367432,.8754687905311585,0,1,4,4,0,1,0,0,0,1,0,1,0,16,13
4.869999885559082,1.583093881607056,0,0,12,3,1,1,0,0,0,0,0,0,0,144,10
6.590000152587891,1.885553359985352,0,0,20,3,0,1,1,0,1,0,0,1,0,400,13
1.200000047683716,.1823215931653976,0,0,4,3,0,1,0,1,1,0,0,1,0,16,12
3.329999923706055,1.202972292900085,0,1,8,4,0,1,0,1,0,0,0,1,0,64,12
1.960000038146973,.6729444861412048,1,0,1,2,0,1,0,1,0,0,0,1,0,1,13
2.730000019073486,1.00430166721344,1,0,41,1,0,1,0,0,1,0,0,1,0,1681,8
2.630000114440918,.9669839143753052,1,0,0,2,1,1,0,1,1,1,0,1,0,0,10
3.75,1.321755886077881,0,0,1,3,0,1,0,0,0,0,0,0,0,1,10
3.079999923706055,1.124929547309876,0,0,8,3,1,1,1,1,1,0,1,0,1,64,10
4.269999980926514,1.451613783836365,0,1,44,4,0,0,0,0,1,1,0,0,1,1936,12
4.5,1.504077434539795,0,1,11,4,0,1,0,0,1,0,1,0,0,121,8
5.53000020980835,1.710187911987305,1,0,8,2,0,1,0,0,1,0,0,1,0,64,12
4.090000152587891,1.408545017242432,0,1,5,4,1,1,1,0,1,0,1,0,0,25,12
4.550000190734863,1.515127301216126,0,0,5,3,0,1,0,0,1,0,0,1,0,25,12
18.73999977111816,2.930660247802734,1,0,7,2,0,0,0,0,1,0,0,1,0,49,10
4.119999885559082,1.415853142738342,0,0,12,3,0,1,0,0,1,0,0,1,0,144,16
5.769999980926514,1.752672076225281,0,1,20,4,1,0,0,0,1,0,0,0,0,400,5
4.809999942779541,1.570697069168091,0,0,3,3,1,1,0,0,0,0,0,0,0,9,12
5.769999980926514,1.752672076225281,0,0,6,3,0,1,0,0,1,0,0,0,0,36,12
4.809999942779541,1.570697069168091,0,0,42,3,1,1,0,1,1,0,0,1,0,1764,5
8.649999618530273,2.157559394836426,0,0,22,3,1,1,0,0,1,1,0,1,0,484,12
1.919999957084656,.6523251533508301,0,1,3,4,0,1,0,1,1,0,0,0,0,9,10
5.929999828338623,1.780024170875549,0,1,29,4,0,0,0,0,1,0,0,0,0,841,8
6.010000228881836,1.793424844741821,0,0,8,3,1,1,0,0,1,0,1,0,0,64,12
3.349999904632568,1.208960294723511,0,0,4,3,0,1,0,0,0,0,0,1,0,16,12
6.010000228881836,1.793424844741821,0,0,32,3,0,1,0,0,1,0,0,0,0,1024,8
2.960000038146973,1.08518922328949,0,1,2,4,1,1,0,0,0,1,0,1,0,4,12
10.81999969482422,2.381396293640137,0,0,24,3,0,1,0,0,1,0,0,1,0,576,16
4.809999942779541,1.570697069168091,0,1,23,4,0,1,0,0,1,0,0,1,0,529,12
8.789999961853027,2.173614740371704,0,0,40,3,0,1,0,0,1,0,1,0,0,1600,12
11.60000038146973,2.451005220413208,0,0,14,3,1,0,0,0,1,0,0,1,0,196,12
4.809999942779541,1.570697069168091,0,1,5,4,1,1,0,0,0,0,1,0,0,25,12
3.75,1.321755886077881,0,1,44,4,1,1,0,0,1,0,0,0,0,1936,8
5.289999961853027,1.665818214416504,0,1,12,4,1,1,0,0,1,0,1,0,0,144,16
6.5,1.8718022108078,0,0,9,3,1,1,0,0,1,0,0,1,0,81,12
5.820000171661377,1.761300325393677,0,1,30,4,1,1,0,0,1,0,0,0,0,900,10
1.789999961853027,.5822156071662903,0,0,2,3,1,1,0,0,0,0,1,0,0,4,12
4.28000020980835,1.45395302772522,0,1,3,4,1,1,0,0,0,0,0,0,0,9,12
1.980000019073486,.6830968260765076,0,0,25,3,0,0,0,1,1,0,0,0,0,625,10
2.309999942779541,.8372474908828735,0,0,9,3,0,1,0,1,1,0,0,1,0,81,12
3.5,1.252762913703919,0,0,10,3,1,1,1,1,1,0,0,0,0,100,10
4.369999885559082,1.474763035774231,0,0,2,3,0,1,0,1,1,0,0,0,0,4,12
2.259999990463257,.8153648376464844,0,0,23,3,1,0,0,1,1,0,0,0,0,529,8
3.75,1.321755886077881,1,0,19,2,0,1,0,1,0,0,0,1,0,361,10
3.75,1.321755886077881,0,0,34,3,0,0,0,1,1,0,0,0,0,1156,12
2.640000104904175,.9707789421081543,0,1,8,4,0,1,0,1,1,0,0,0,0,64,12
2.259999990463257,.8153648376464844,0,0,21,3,1,1,0,1,0,0,0,1,0,441,10
1.830000042915344,.604315996170044,0,1,11,4,0,0,0,1,1,0,0,0,0,121,10
2.880000114440918,1.057790279388428,0,0,20,3,0,0,0,1,0,0,0,0,0,400,13
1.980000019073486,.6830968260765076,0,0,10,3,0,0,0,1,0,0,0,0,0,100,5
1.980000019073486,.6830968260765076,1,0,27,2,0,0,0,1,1,0,0,1,0,729,10
1.980000019073486,.6830968260765076,0,0,25,3,0,1,0,1,1,0,0,0,0,625,8
3.369999885559082,1.21491265296936,1,0,9,2,0,1,0,1,1,0,0,0,0,81,10
1.980000019073486,.6830968260765076,0,0,19,3,1,1,0,1,0,0,0,0,0,361,8
1.919999957084656,.6523251533508301,0,0,26,3,0,0,0,1,1,0,0,0,0,676,5
3.369999885559082,1.21491265296936,0,0,11,3,0,1,0,1,1,0,0,0,0,121,10
3.75,1.321755886077881,0,1,36,4,1,1,0,0,1,0,0,1,0,1296,5
3.75,1.321755886077881,0,1,6,4,0,1,0,1,1,1,1,0,0,36,12
6.590000152587891,1.885553359985352,0,0,33,3,0,1,0,0,1,0,0,1,0,1089,12
3.75,1.321755886077881,0,0,35,3,0,1,1,0,1,0,0,0,0,1225,10
7.960000038146973,2.074429035186768,0,0,42,3,0,0,0,0,1,0,0,1,0,1764,10
3.75,1.321755886077881,1,0,28,2,0,1,0,0,1,0,0,1,1,784,12
6.610000133514404,1.888583660125732,0,0,11,3,1,1,0,0,1,0,0,1,0,121,12
8.649999618530273,2.157559394836426,0,0,42,3,1,1,1,0,1,0,1,0,0,1764,10
5.019999980926514,1.61342990398407,1,0,33,2,0,1,0,0,1,0,1,0,0,1089,12
11.53999996185303,2.445819139480591,0,0,42,3,1,1,0,0,0,1,0,0,0,1764,10
5.900000095367432,1.774952411651611,0,0,25,3,0,1,0,0,1,0,0,1,0,625,12
3.75,1.321755886077881,0,0,6,3,0,1,1,0,1,0,0,0,0,36,8
8.699999809265137,2.163322925567627,0,1,41,4,1,1,0,0,1,1,1,0,0,1681,12
21.54000091552734,3.06991171836853,0,0,34,3,0,1,0,0,1,1,0,1,0,1156,12
3.269999980926514,1.184790015220642,0,0,27,3,0,0,0,1,1,0,0,0,0,729,12
3.299999952316284,1.193922400474548,0,0,17,3,0,1,0,1,0,0,0,0,0,289,10
5.489999771118164,1.702928185462952,0,0,44,3,1,1,0,0,1,0,0,1,0,1936,12
2.400000095367432,.8754687905311585,0,0,42,3,1,1,0,1,0,0,1,0,0,1764,10
4.090000152587891,1.408545017242432,0,0,1,3,1,1,0,0,0,0,1,0,0,1,12
1.980000019073486,.6830968260765076,0,1,35,4,0,1,1,0,1,0,0,0,0,1225,5
7.210000038146973,1.975468993186951,0,0,42,3,1,1,0,0,1,0,0,0,0,1764,10
8.5,2.140066146850586,0,0,4,3,1,1,0,0,1,1,0,1,0,16,16
1.980000019073486,.6830968260765076,0,0,1,3,0,1,0,1,1,0,0,0,0,1,8
7.179999828338623,1.971299409866333,0,0,18,3,1,1,0,0,1,0,0,0,0,324,10
4.809999942779541,1.570697069168091,0,1,6,5,0,1,0,0,1,0,0,0,0,36,16
5.239999771118164,1.656321406364441,0,0,15,3,1,1,0,0,1,0,1,0,0,225,12
9.130000114440918,2.211565732955933,0,1,24,4,0,1,0,0,1,0,0,0,0,576,12
3.75,1.321755886077881,0,0,25,3,0,1,0,1,1,0,0,1,0,625,12
7.690000057220459,2.039920806884766,0,1,40,4,1,1,1,0,0,0,1,0,0,1600,12
8.600000381469727,2.151762247085571,0,1,31,4,1,1,1,0,1,0,0,0,0,961,5
5.289999961853027,1.665818214416504,1,0,20,2,0,1,0,0,1,0,0,0,0,400,10
2.400000095367432,.8754687905311585,1,0,0,2,1,0,0,0,0,1,0,1,0,0,8
3.210000038146973,1.166270971298218,0,0,5,3,0,0,0,0,1,0,0,0,0,25,12
6.670000076293945,1.897619843482971,1,0,15,2,1,1,0,1,1,0,0,0,0,225,10
3.849999904632568,1.348073124885559,0,1,5,4,1,1,1,0,1,0,0,1,0,25,13
8.489999771118164,2.138889074325562,0,0,36,3,0,1,0,0,1,0,0,1,0,1296,12
7.210000038146973,1.975468993186951,1,0,18,2,1,1,0,0,1,0,0,1,0,324,10
3.329999923706055,1.202972292900085,1,0,22,2,0,1,0,0,1,0,0,1,1,484,13
4.269999980926514,1.451613783836365,0,0,2,3,1,1,0,1,0,0,0,0,0,4,12
2.880000114440918,1.057790279388428,0,1,4,4,0,1,0,0,0,0,0,1,0,16,13
4.090000152587891,1.408545017242432,1,0,10,2,0,1,0,0,1,0,1,0,0,100,12
2.75,1.011600971221924,0,0,36,3,0,1,1,1,1,0,0,0,0,1296,10
4.119999885559082,1.415853142738342,0,1,9,4,1,1,1,1,0,0,0,0,0,81,8
9.619999885559082,2.26384425163269,0,1,15,4,1,1,0,0,1,0,0,1,0,225,12
5.53000020980835,1.710187911987305,0,0,5,3,0,1,0,0,1,1,0,1,0,25,12
4.010000228881836,1.38879132270813,0,0,5,3,0,1,0,1,1,0,0,0,0,25,13
3.410000085830689,1.226712346076965,0,0,4,3,0,1,0,0,1,0,0,0,0,16,14
6.920000076293945,1.934415817260742,0,0,3,3,0,1,0,0,1,0,1,0,0,9,12
3.75,1.321755886077881,0,0,12,3,0,0,1,1,1,0,0,0,0,144,12
7.960000038146973,2.074429035186768,0,1,5,4,1,1,0,0,0,1,0,1,0,25,12
3.75,1.321755886077881,0,1,6,4,1,1,1,1,1,0,0,0,0,36,8
4.28000020980835,1.45395302772522,0,0,7,3,1,1,0,1,0,0,0,0,0,49,12
2.309999942779541,.8372474908828735,1,0,35,1,1,1,0,0,1,0,0,0,0,1225,5
3.799999952316284,1.335001111030579,0,0,15,3,1,0,0,1,1,0,0,1,0,225,12
4.090000152587891,1.408545017242432,0,0,5,3,0,1,0,0,0,0,0,0,0,25,12
3.849999904632568,1.348073124885559,0,0,12,3,1,1,0,1,1,0,0,0,0,144,12
3.75,1.321755886077881,1,0,23,2,1,1,0,1,1,0,1,0,0,529,10
3,1.098612308502197,0,1,10,4,1,1,1,0,0,0,0,0,0,100,12
3.960000038146973,1.376244068145752,0,0,1,3,1,1,1,0,0,0,0,0,0,1,16
8.550000190734863,2.145931243896484,0,0,20,3,1,1,0,0,1,0,0,0,0,400,12
3.75,1.321755886077881,0,1,14,4,1,1,1,0,1,0,0,1,0,196,10
6,1.791759490966797,0,0,1,3,0,1,0,0,1,0,0,0,0,1,8
4.809999942779541,1.570697069168091,1,0,6,2,1,1,0,0,1,1,0,1,0,36,12
2.5,.9162907600402832,0,0,26,3,0,1,0,0,1,0,0,0,0,676,12
4.320000171661377,1.463255405426025,0,0,18,3,1,1,1,1,0,0,0,1,0,324,10
1.269999980926514,.2390168905258179,0,0,4,3,0,1,0,0,0,0,0,1,0,16,12
5.769999980926514,1.752672076225281,1,0,13,2,1,1,0,1,1,0,0,1,0,169,12
4.199999809265137,1.435084462165833,1,0,33,2,1,1,0,0,1,0,0,1,0,1089,10
13.73999977111816,2.620311260223389,0,0,28,3,1,1,0,0,1,0,0,1,0,784,12
2.559999942779541,.940007209777832,0,0,4,3,0,1,0,0,1,0,0,0,0,16,16
5.130000114440918,1.635105729103088,0,1,42,4,1,1,0,0,1,0,1,0,0,1764,13
7.210000038146973,1.975468993186951,0,0,39,3,1,1,0,0,1,0,1,0,0,1521,5
4.239999771118164,1.444563269615173,0,0,7,3,0,1,0,0,1,0,0,1,1,49,13
4.099999904632568,1.41098690032959,1,0,38,2,0,1,0,0,1,0,0,1,0,1444,12
8.5,2.140066146850586,0,0,19,3,1,1,0,0,1,1,0,0,0,361,12
5.940000057220459,1.78170919418335,0,0,29,3,1,1,0,0,1,0,1,0,0,841,12
10.53999996185303,2.355177640914917,0,0,35,3,1,1,1,0,1,0,1,0,0,1225,10
3.5,1.252762913703919,0,0,18,3,0,1,0,0,1,0,0,1,0,324,10
5.949999809265137,1.783391237258911,0,0,8,3,1,1,0,0,1,1,0,1,0,64,13
8.890000343322754,2.184926986694336,0,1,20,4,1,1,0,0,1,0,0,1,0,400,13
5.730000019073486,1.745715498924255,1,0,34,2,1,1,0,0,1,0,0,0,0,1156,5
1.049999952316284,.0487901195883751,0,0,29,3,0,1,1,0,1,0,0,0,0,841,5
3.849999904632568,1.348073124885559,0,1,8,4,1,1,0,0,1,0,0,1,0,64,13
2.880000114440918,1.057790279388428,0,0,4,3,0,1,0,0,0,1,0,1,0,16,12
8.439999580383301,2.13298225402832,0,1,15,4,1,1,0,0,1,0,0,0,0,225,12
3.609999895095825,1.283707737922669,0,1,6,5,0,1,0,0,0,0,0,0,0,36,12
5.769999980926514,1.752672076225281,0,0,20,3,1,1,0,0,0,0,0,0,0,400,12
3.329999923706055,1.202972292900085,0,0,35,3,1,1,1,0,1,0,1,0,0,1225,8
7.960000038146973,2.074429035186768,1,0,44,2,0,0,0,0,1,0,0,0,0,1936,5
4.489999771118164,1.501852631568909,0,1,17,5,1,1,0,0,1,0,0,0,0,289,10
2.380000114440918,.8671005368232727,0,1,3,4,0,1,0,0,0,0,0,1,0,9,13
5.079999923706055,1.625311255455017,0,0,40,3,1,1,0,0,1,0,0,1,0,1600,12
5.309999942779541,1.669591784477234,0,1,18,4,0,1,0,0,1,0,1,0,0,324,12
5.309999942779541,1.669591784477234,0,0,23,3,1,1,0,0,0,0,0,1,0,529,12
6.539999961853027,1.877937197685242,0,1,10,4,0,1,0,0,1,0,0,0,0,100,10
7.429999828338623,2.005525827407837,0,0,18,3,1,1,1,0,0,1,0,1,0,324,10
5.289999961853027,1.665818214416504,0,0,42,3,1,1,0,0,1,0,0,0,0,1764,12
11.09000015258789,2.406043767929077,0,0,38,3,1,1,0,0,1,0,0,1,0,1444,8
3.329999923706055,1.202972292900085,0,1,5,4,0,1,1,0,0,0,0,0,0,25,13
3.269999980926514,1.184790015220642,1,0,25,2,0,1,0,0,1,1,0,0,0,625,8
3.849999904632568,1.348073124885559,1,0,26,2,1,1,0,0,1,0,0,0,0,676,8
8.039999961853027,2.084429025650024,0,0,11,3,0,1,0,0,1,0,0,1,0,121,12
4.619999885559082,1.530394673347473,0,0,16,3,0,1,0,0,1,0,0,0,0,256,10
7.960000038146973,2.074429035186768,0,1,40,4,1,1,0,0,1,0,0,0,0,1600,5
4.849999904632568,1.578978657722473,0,1,7,4,0,1,0,0,1,1,0,0,0,49,12
6.96999979019165,1.941615223884583,0,0,17,3,0,1,0,0,0,0,0,1,0,289,12
4.809999942779541,1.570697069168091,0,0,44,3,0,1,0,0,1,0,1,0,0,1936,12
3.019999980926514,1.105256795883179,0,0,6,3,0,0,0,0,1,0,0,1,0,36,12
3.980000019073486,1.381281852722168,0,0,8,3,0,1,0,0,1,0,0,1,0,64,12
5.559999942779541,1.715598106384277,0,0,31,3,0,1,0,0,0,0,0,1,0,961,12
7.320000171661377,1.990610361099243,0,0,26,3,1,1,0,0,1,0,0,1,0,676,12
7.690000057220459,2.039920806884766,0,0,20,3,1,1,0,0,1,0,0,1,0,400,10
6.289999961853027,1.838961005210877,1,0,22,2,0,1,0,0,1,0,0,1,0,484,13
9.619999885559082,2.26384425163269,0,0,11,3,1,1,0,0,1,1,0,1,0,121,12
7.630000114440918,2.032087802886963,0,1,8,4,0,1,0,0,1,0,0,1,0,64,13
4.289999961853027,1.456286668777466,0,0,40,3,1,1,0,0,1,0,0,0,0,1600,5
25.63999938964844,3.244153499603272,0,0,13,3,0,1,0,0,1,0,0,0,0,169,10
4.239999771118164,1.444563269615173,0,1,3,4,0,1,0,0,0,0,1,0,0,9,12
3.869999885559082,1.353254437446594,0,1,10,4,0,1,0,0,1,0,0,1,0,100,12
5.730000019073486,1.745715498924255,0,0,18,3,1,1,0,0,1,0,0,1,0,324,10
3.5,1.252762913703919,0,0,5,3,0,1,0,1,1,0,0,0,0,25,12
5.050000190734863,1.619388222694397,0,0,16,3,1,1,1,0,1,0,1,0,0,256,10
7.960000038146973,2.074429035186768,0,0,10,3,1,1,0,0,1,1,0,1,0,100,12
7.960000038146973,2.074429035186768,0,1,10,4,1,1,0,0,1,0,0,1,0,100,12
3.410000085830689,1.226712346076965,0,0,3,3,1,1,0,0,0,0,0,0,0,9,12
5.730000019073486,1.745715498924255,0,0,40,3,1,1,0,0,0,0,0,0,0,1600,8
8.890000343322754,2.184926986694336,0,0,35,3,0,1,0,0,1,1,0,0,0,1225,12
4.809999942779541,1.570697069168091,0,0,28,3,1,1,0,0,1,0,0,0,0,784,10
4.809999942779541,1.570697069168091,0,0,16,3,0,1,0,0,1,0,0,0,0,256,14
3.75,1.321755886077881,0,0,19,3,0,1,1,0,0,0,0,1,0,361,12
13.40999984741211,2.596000671386719,0,1,11,4,1,1,0,0,1,0,0,0,0,121,10
5.090000152587891,1.627277851104736,1,0,10,2,0,1,0,0,1,0,0,0,0,100,12
2.880000114440918,1.057790279388428,0,1,4,4,1,1,1,0,0,0,0,1,0,16,12
3.210000038146973,1.166270971298218,0,1,2,4,0,1,1,0,0,1,0,1,0,4,14
4.550000190734863,1.515127301216126,0,0,5,3,0,1,0,0,0,0,0,0,0,25,12
5.769999980926514,1.752672076225281,1,0,31,2,1,1,0,0,0,1,0,0,0,961,10
8.850000381469727,2.180417537689209,0,0,28,3,1,1,0,0,1,1,1,0,0,784,14
4.409999847412109,1.483874678611755,0,0,9,3,1,1,0,0,1,0,1,0,0,81,10
4.269999980926514,1.451613783836365,0,0,12,3,0,1,0,0,1,0,0,1,0,144,13
10.11999988555908,2.314513683319092,0,0,17,3,0,1,0,0,1,0,0,1,0,289,13
5.289999961853027,1.665818214416504,0,0,37,3,0,1,1,0,1,1,0,1,0,1369,13
5.730000019073486,1.745715498924255,1,0,35,2,1,1,0,0,1,0,0,0,0,1225,8
7.630000114440918,2.032087802886963,0,0,35,3,1,1,0,0,1,1,0,1,0,1225,12
7.690000057220459,2.039920806884766,0,1,10,4,1,1,0,0,1,1,0,1,0,100,13
6.079999923706055,1.805004715919495,0,0,42,3,1,0,0,0,1,0,0,0,0,1764,12
7.489999771118164,2.013568878173828,0,0,27,3,1,1,0,0,0,0,0,1,0,729,12
6.369999885559082,1.851599454879761,0,0,5,3,1,1,0,0,1,1,1,0,0,25,13
6.409999847412109,1.857859253883362,0,0,5,3,1,1,0,1,0,0,0,1,0,25,12
1.980000019073486,.6830968260765076,0,0,3,3,0,1,0,0,0,0,0,0,0,9,12
3.849999904632568,1.348073124885559,0,0,37,3,0,0,1,0,0,0,0,1,0,1369,5
7.050000190734863,1.953027606010437,0,0,14,3,0,1,0,0,0,0,0,1,0,196,12
5.130000114440918,1.635105729103088,0,0,21,3,0,1,0,0,1,0,0,0,0,441,13
6.349999904632568,1.848454833030701,0,0,7,3,1,1,0,0,1,0,0,1,0,49,10
6.690000057220459,1.900613903999329,0,0,27,3,1,1,0,0,1,1,0,0,0,729,12
4.619999885559082,1.530394673347473,0,0,1,3,0,1,0,0,0,0,0,1,0,1,13
5.019999980926514,1.61342990398407,0,0,31,3,0,1,0,0,1,1,0,1,0,961,13
4.230000019073486,1.442201972007752,1,0,42,2,0,1,0,0,1,1,0,1,1,1764,5
4.329999923706055,1.465567469596863,0,0,45,3,0,0,1,0,1,0,1,0,0,2025,5
6.539999961853027,1.877937197685242,0,0,34,3,1,1,0,0,1,0,0,1,0,1156,10
7.130000114440918,1.964311242103577,0,1,9,4,1,1,0,0,0,0,0,1,0,81,13
3.849999904632568,1.348073124885559,0,1,3,4,0,1,0,0,1,1,0,1,1,9,10
2.170000076293945,.7747272253036499,0,0,2,3,0,1,0,1,1,1,0,0,0,4,10
5.289999961853027,1.665818214416504,0,0,36,3,1,1,1,0,1,0,1,0,0,1296,10
6.489999771118164,1.870262503623962,0,0,27,3,1,1,0,1,1,0,0,1,0,729,12
10.1899995803833,2.321406841278076,0,1,39,4,0,1,0,0,1,0,0,0,0,1521,12
5.789999961853027,1.756132245063782,0,1,9,4,0,1,0,0,1,0,0,0,0,81,16
3.819999933242798,1.340250372886658,0,0,47,3,0,1,0,0,0,0,0,0,0,2209,12
12.53999996185303,2.528923511505127,0,0,13,3,0,1,0,0,1,0,0,0,0,169,12
7.690000057220459,2.039920806884766,0,0,28,3,0,1,0,0,1,0,0,0,0,784,10
8.550000190734863,2.145931243896484,0,0,26,3,0,1,0,0,1,0,0,0,0,676,12
5.920000076293945,1.778336405754089,1,0,34,2,0,1,0,0,1,0,0,0,0,1156,12
13.73999977111816,2.620311260223389,0,1,28,4,0,1,0,0,1,0,0,0,0,784,12
2.119999885559082,.751416027545929,1,0,17,2,0,1,0,1,1,0,0,0,0,289,14
16.13999938964844,2.78130054473877,1,0,10,2,0,1,0,0,1,0,0,0,0,100,13
1.320000052452087,.2776317894458771,0,0,21,3,0,0,0,0,1,0,0,0,0,441,10
1.789999961853027,.5822156071662903,0,1,15,4,0,1,0,0,1,0,0,0,0,225,12
2.319999933242798,.8415671586990356,0,1,15,4,0,1,0,0,1,0,0,0,0,225,13
3.700000047683716,1.308332800865173,0,0,11,3,0,1,0,0,1,0,0,0,0,121,12
6.75,1.909542560577393,0,0,37,3,0,1,0,0,1,0,0,0,0,1369,10
8.439999580383301,2.13298225402832,0,0,43,3,0,1,0,0,1,0,0,0,0,1849,5
26.23999977111816,3.267284870147705,1,0,37,2,0,1,0,0,1,0,0,0,0,1369,12
8.880000114440918,2.183801651000977,0,0,24,3,0,1,0,0,1,0,0,0,0,576,12
2.5,.9162907600402832,0,0,17,3,0,1,0,0,1,0,0,0,0,289,10
7.28000020980835,1.985130906105042,0,0,16,3,0,1,0,0,1,0,0,0,0,256,12
7.840000152587891,2.059238910675049,0,0,36,3,0,1,0,0,1,0,0,0,0,1296,12
26.23999977111816,3.267284870147705,0,0,37,3,0,1,0,0,1,0,0,0,0,1369,12
6.329999923706055,1.845300197601318,0,0,38,3,0,1,0,0,1,0,0,0,0,1444,8
4.159999847412109,1.425515055656433,0,1,9,4,0,1,0,0,1,0,0,0,0,81,12
3.210000038146973,1.166270971298218,0,1,36,4,0,1,0,0,1,1,0,0,0,1296,5
2.019999980926514,.7030975222587585,1,0,41,2,0,1,0,1,0,0,0,1,0,1681,5
9.229999542236328,2.222459077835083,0,0,10,3,1,1,0,0,1,0,1,0,0,100,12
2.680000066757202,.9858168363571167,0,0,33,3,0,1,0,0,1,0,0,0,0,1089,5
8.649999618530273,2.157559394836426,0,1,5,4,0,1,0,1,1,0,0,0,0,25,14
2.079999923706055,.7323678731918335,0,1,1,4,0,1,0,1,0,0,0,0,1,1,12
6.25,1.832581520080566,0,1,47,4,0,0,1,1,1,0,0,1,0,2209,5
1.919999957084656,.6523251533508301,1,0,8,2,0,1,0,0,1,0,0,0,0,64,12
3.079999923706055,1.124929547309876,1,0,6,2,0,1,0,0,1,0,0,0,1,36,10
2.109999895095825,.7466878890991211,0,0,12,3,0,1,0,1,1,0,1,0,1,144,12
3.460000038146973,1.241268634796143,1,0,26,1,0,1,0,1,0,1,0,0,1,676,5
4.809999942779541,1.570697069168091,0,0,14,3,1,1,0,0,1,0,0,1,0,196,10
3.369999885559082,1.21491265296936,0,0,13,3,1,1,0,1,0,1,0,1,1,169,5
5.769999980926514,1.752672076225281,1,0,39,2,1,1,0,0,1,0,0,0,0,1521,5
3.339999914169312,1.205970764160156,1,0,10,2,0,1,0,0,1,0,0,1,1,100,13
7.260000228881836,1.982379913330078,0,0,27,3,1,0,0,0,1,0,0,1,0,729,10
3.730000019073486,1.316408276557922,0,0,5,3,0,1,0,0,1,0,1,0,0,25,13
2.210000038146973,.7929925322532654,0,0,6,3,1,1,0,1,0,0,0,1,0,36,12
2.920000076293945,1.07158362865448,0,0,32,3,0,0,0,0,1,0,0,0,1,1024,8
3.529999971389771,1.261297821998596,0,1,1,4,1,1,1,0,1,0,0,1,1,1,8
1.799999952316284,.5877866148948669,0,1,8,4,0,1,0,1,1,0,0,1,0,64,12
2.599999904632568,.9555113911628723,0,1,15,4,0,1,0,1,1,0,0,1,1,225,10
1.169999957084656,.157003715634346,1,0,1,2,0,1,1,0,0,0,0,1,0,1,12
1.879999995231628,.6312717795372009,0,0,25,3,1,1,0,1,0,0,0,0,0,625,10
2.880000114440918,1.057790279388428,0,0,15,3,1,1,1,1,1,0,1,0,0,225,10
1.919999957084656,.6523251533508301,0,1,7,4,0,1,0,1,1,0,0,1,0,49,12
1.879999995231628,.6312717795372009,0,1,1,4,0,1,0,1,0,0,1,0,0,1,12
3.369999885559082,1.21491265296936,0,0,12,3,0,1,0,1,1,0,0,0,1,144,12
1.820000052452087,.5988365411758423,0,0,3,3,0,1,0,1,0,0,0,1,1,9,10
1.460000038146973,.3784364759922028,0,1,2,4,0,1,1,0,1,0,0,1,0,4,10
2.259999990463257,.8153648376464844,0,0,3,3,0,1,0,1,1,1,0,1,1,9,10
2.069999933242798,.7275485992431641,1,0,2,2,0,1,0,1,0,1,0,1,0,4,12
3.539999961853027,1.264126658439636,0,0,16,3,0,1,0,0,1,0,0,1,0,256,13
1.259999990463257,.2311117202043533,1,0,32,1,0,1,1,1,0,0,0,0,0,1024,5
2.259999990463257,.8153648376464844,0,0,20,3,0,1,0,1,1,0,0,0,1,400,10
3.950000047683716,1.37371563911438,0,0,17,3,0,1,0,1,1,0,0,0,1,289,12
2.650000095367432,.9745596647262573,0,0,15,3,0,1,0,1,0,0,0,0,0,225,5
3.75,1.321755886077881,1,0,19,2,0,1,0,1,1,1,1,0,1,361,8
2.259999990463257,.8153648376464844,0,0,37,3,1,0,0,0,0,0,0,1,0,1369,5
2.190000057220459,.783901572227478,0,0,29,3,1,1,1,1,0,0,0,1,1,841,10
2.190000057220459,.783901572227478,1,0,5,2,0,0,0,1,0,1,0,0,1,25,13
3.210000038146973,1.166270971298218,0,0,7,3,0,1,0,1,0,0,0,1,0,49,5
2.47000002861023,.9042181372642517,1,0,23,2,0,1,0,1,0,0,0,0,0,529,5
3,1.098612308502197,0,1,5,4,0,1,0,1,0,0,0,1,0,25,12
3.75,1.321755886077881,0,0,29,3,0,1,0,0,0,0,0,1,1,841,8
2,.6931471824645996,0,0,13,3,0,1,0,1,0,0,0,1,0,169,12
2.259999990463257,.8153648376464844,1,0,10,2,0,1,0,1,1,0,0,1,0,100,12
2.880000114440918,1.057790279388428,0,1,12,4,0,1,0,1,1,0,0,0,0,144,13
4.690000057220459,1.545432567596436,0,0,7,3,1,1,0,1,1,0,0,1,0,49,12
3.950000047683716,1.37371563911438,0,0,9,3,0,1,0,1,1,0,1,0,0,81,12
6.539999961853027,1.877937197685242,0,0,4,3,0,1,0,0,1,1,1,0,0,16,12
3.569999933242798,1.272565603256226,0,0,26,3,0,1,0,1,0,0,0,1,1,676,12
5.309999942779541,1.669591784477234,0,0,15,3,0,1,0,0,1,0,0,1,1,225,17
2.630000114440918,.9669839143753052,0,1,19,4,0,1,0,1,1,0,0,0,0,361,10
4.329999923706055,1.465567469596863,0,0,22,3,0,0,0,0,1,0,1,0,0,484,16
2.25,.8109301924705505,1,0,12,1,0,1,1,1,0,0,0,0,0,144,5
2.75,1.011600971221924,0,0,11,3,0,1,0,1,1,1,0,1,0,121,10
3.289999961853027,1.190887570381165,0,0,6,3,1,1,0,1,1,0,0,1,1,36,12
5.769999980926514,1.752672076225281,0,1,13,4,0,1,0,0,1,0,1,0,0,169,14
4.739999771118164,1.556037068367004,0,1,8,4,0,1,0,1,0,0,0,1,1,64,13
4.119999885559082,1.415853142738342,0,0,7,3,0,1,0,1,0,1,0,1,1,49,13
2.890000104904175,1.061256527900696,0,0,12,3,0,1,1,1,0,0,1,0,1,144,10
6.960000038146973,1.940179467201233,0,0,11,3,1,1,0,0,1,0,1,0,0,121,13
6.409999847412109,1.857859253883362,1,0,41,2,0,1,0,0,1,1,0,1,1,1681,12
4.28000020980835,1.45395302772522,0,0,7,3,1,1,0,1,1,0,1,0,1,49,12
1.279999971389771,.2468600571155548,0,1,9,4,0,1,0,1,1,0,0,1,1,81,13
2.559999942779541,.940007209777832,0,0,40,3,1,1,0,1,0,0,0,0,1,1600,10
4.619999885559082,1.530394673347473,0,1,7,4,0,1,1,1,1,0,0,0,1,49,14
1.980000019073486,.6830968260765076,0,0,9,3,0,1,0,1,1,0,0,1,1,81,12
1.919999957084656,.6523251533508301,0,1,13,4,0,1,0,1,0,0,0,0,1,169,13
1.799999952316284,.5877866148948669,1,0,33,2,0,0,0,1,1,1,1,0,1,1089,13
1.980000019073486,.6830968260765076,0,0,17,3,0,1,0,1,0,0,0,1,1,289,14
2,.6931471824645996,1,0,3,2,0,1,1,1,0,0,0,0,1,9,13
2.109999895095825,.7466878890991211,0,0,8,3,0,1,0,1,0,0,0,0,1,64,16
2.109999895095825,.7466878890991211,0,1,3,4,0,1,0,1,1,0,0,0,1,9,10
2.769999980926514,1.018847346305847,0,0,9,3,0,1,0,0,0,1,0,1,1,81,13
3.460000038146973,1.241268634796143,0,0,30,3,0,1,0,1,0,0,0,0,0,900,10
6,1.791759490966797,0,1,5,4,0,1,0,1,0,1,1,0,1,25,13
4.809999942779541,1.570697069168091,0,0,13,3,0,1,1,0,1,0,0,1,1,169,12
2.329999923706055,.8458682298660278,1,0,5,2,0,1,0,1,1,0,0,0,1,25,12
3.569999933242798,1.272565603256226,0,1,9,4,0,1,0,1,0,0,1,0,1,81,16
1.980000019073486,.6830968260765076,0,0,8,3,0,1,0,1,0,1,0,1,1,64,13
5.130000114440918,1.635105729103088,1,0,20,2,0,1,1,1,1,0,1,0,0,400,10
4.46999979019165,1.497388362884522,0,0,3,3,0,1,0,1,0,0,0,1,1,9,13
2.069999933242798,.7275485992431641,0,1,5,5,1,1,0,1,0,1,0,1,1,25,12
6.96999979019165,1.941615223884583,0,0,20,3,1,1,0,1,1,0,0,1,1,400,13
1.980000019073486,.6830968260765076,0,0,2,3,0,1,0,1,0,0,0,1,1,4,12
4.619999885559082,1.530394673347473,0,0,7,3,0,1,0,1,0,0,0,1,1,49,12
3.210000038146973,1.166270971298218,0,0,5,3,0,1,0,0,0,0,1,0,1,25,13
1.799999952316284,.5877866148948669,0,0,46,3,0,1,0,1,0,0,0,0,1,2116,14
4.619999885559082,1.530394673347473,0,0,10,3,1,1,0,1,1,1,0,1,0,100,12
6.110000133514404,1.809926748275757,0,0,27,3,0,1,0,0,1,0,0,0,0,729,12
5.730000019073486,1.745715498924255,0,0,39,3,0,1,1,0,1,0,1,0,0,1521,16
3.569999933242798,1.272565603256226,0,1,13,4,0,1,0,0,1,0,0,0,1,169,13
1.580000042915344,.4574248790740967,0,1,27,4,0,1,0,0,1,0,0,1,1,729,12
4.210000038146973,1.437462687492371,0,1,7,4,0,1,0,0,1,0,0,0,1,49,12
1.75,.5596157908439636,0,0,18,3,0,1,0,1,0,1,0,1,1,324,12
2.150000095367432,.7654678821563721,1,0,6,1,0,1,0,1,1,0,0,0,1,36,12
1.019999980926514,.0198026094585657,0,0,11,3,0,1,0,1,1,0,0,1,1,121,13
2.400000095367432,.8754687905311585,1,0,10,2,0,1,1,1,1,0,0,0,1,100,12
2.829999923706055,1.040276646614075,0,0,28,3,0,1,1,1,0,0,0,1,1,784,13
3.289999961853027,1.190887570381165,0,0,2,3,0,1,0,1,1,0,0,0,1,4,10
1.980000019073486,.6830968260765076,0,0,45,3,0,1,0,1,0,0,0,1,1,2025,12
23.15999984741211,3.142426729202271,0,0,9,3,0,1,0,0,0,0,1,0,1,81,10
5.489999771118164,1.702928185462952,0,1,13,4,0,1,0,1,1,0,0,0,1,169,12
3,1.098612308502197,0,0,40,3,0,1,0,0,0,1,1,0,1,1600,13
3.289999961853027,1.190887570381165,0,1,10,4,0,0,0,1,0,0,0,0,1,100,12
2.880000114440918,1.057790279388428,0,1,15,4,0,1,0,1,0,0,0,0,1,225,12
2.630000114440918,.9669839143753052,0,0,12,3,0,1,0,1,1,0,0,0,1,144,10
5.820000171661377,1.761300325393677,1,0,20,2,0,1,0,1,0,0,0,0,1,400,17
1.090000033378601,.0861777290701866,1,0,8,2,0,1,0,1,1,0,0,1,1,64,10
1.279999971389771,.2468600571155548,0,1,13,4,0,1,0,1,1,0,0,1,0,169,12
6.25,1.832581520080566,0,0,3,3,0,1,0,1,0,0,0,0,1,9,12
2.880000114440918,1.057790279388428,0,1,7,4,0,1,0,0,1,0,0,0,0,49,14
7.690000057220459,2.039920806884766,0,1,18,4,1,1,0,0,1,0,1,0,0,324,12
7.139999866485596,1.965712785720825,0,1,13,4,0,1,0,0,1,0,0,1,0,169,12
6.929999828338623,1.935859799385071,0,0,36,3,1,1,0,0,1,1,0,1,0,1296,12
1.559999942779541,.4446857869625092,0,0,4,3,0,1,0,0,0,0,0,1,0,16,12
1.980000019073486,.6830968260765076,0,0,8,3,0,1,0,1,0,0,0,1,1,64,10
8.75,2.169053792953491,0,0,24,3,1,1,0,0,0,0,0,1,1,576,16
4.809999942779541,1.570697069168091,1,0,31,2,0,1,0,0,1,0,0,0,0,961,12
4.710000038146973,1.54968786239624,0,0,16,3,0,1,0,0,1,0,0,0,0,256,13
4.869999885559082,1.583093881607056,0,0,10,3,0,1,0,0,1,0,0,0,0,100,13
4.619999885559082,1.530394673347473,0,1,10,4,0,1,0,0,1,1,0,0,0,100,13
2.400000095367432,.8754687905311585,0,1,12,4,0,1,0,0,0,1,0,1,1,144,12
5.340000152587891,1.675225734710693,1,0,20,2,0,1,0,0,1,0,0,0,0,400,12
4.210000038146973,1.437462687492371,0,0,13,3,1,1,0,0,1,0,0,0,0,169,12
4.71999979019165,1.551808714866638,0,1,9,4,1,1,0,0,1,0,0,0,0,81,13
12.81999969482422,2.551006317138672,0,0,15,3,1,1,0,0,1,0,1,0,0,225,13
6.730000019073486,1.906575202941895,0,0,34,3,0,1,0,0,1,0,0,1,0,1156,10
5.389999866485596,1.684545397758484,0,0,8,3,1,1,0,0,1,0,0,1,0,64,14
5.309999942779541,1.669591784477234,0,1,3,4,0,1,0,0,0,0,0,1,0,9,17
10.57999992370606,2.358965396881104,0,1,19,4,0,1,0,0,0,0,0,1,0,361,16
8.649999618530273,2.157559394836426,0,0,10,3,1,1,0,0,1,0,1,0,0,100,13
4.170000076293945,1.427916049957275,0,0,13,3,0,1,0,0,1,0,0,0,0,169,10
6.809999942779541,1.918392062187195,0,0,7,3,1,1,0,0,0,0,0,1,0,49,12
9.619999885559082,2.26384425163269,0,0,21,3,1,1,0,0,1,1,1,0,0,441,16
1.22000002861023,.1988508850336075,0,0,10,3,0,1,0,1,0,0,0,0,1,100,5
1.789999961853027,.5822156071662903,0,0,20,3,0,1,0,1,1,0,0,0,1,400,8
1.610000014305115,.4762341976165772,0,0,25,3,0,1,1,1,0,0,0,0,1,625,12
1.679999947547913,.5187937617301941,1,0,4,2,0,1,0,1,1,0,0,1,1,16,12
3.289999961853027,1.190887570381165,0,0,35,3,0,1,1,1,0,0,0,1,1,1225,12
2.309999942779541,.8372474908828735,0,0,15,3,0,1,1,1,1,0,1,0,1,225,10
1.919999957084656,.6523251533508301,0,0,24,3,0,0,0,1,0,1,0,1,1,576,16
